Workbook

Sheet HOW TO USE
B2: Copy paste the following data from your library into Raw_Data_Input

Sheet Raw_Data_Input
B2: Title | C2: Blank | D2: Favorite | E2: Length | F2: Artist | G2: Album | H2: Genre | I2: Plays | J2: Year
E3: 0
E4: 0
E5: 0
E6: 0
E7: 0
E8: 0
E9: 0
E10: 0
E11: 0
E12: 0
E13: 0
E14: 0
... E2092: 0

Sheet Summary Statistics
B2: Total Number of Songs | C2: Total Playtime (days) | D2: Total Plays | F2: Top 10 Artists | H2: =IF(C6=TRUE,"Playtime (hours)","Plays") -> Plays | J2: Top 10 Albums | L2: =IF(C7=TRUE,"Playtime (hours)","Plays") -> Plays
B3: ='Cleaned Data'!M3 -> 0 | C3: =SUM('Cleaned Data'!J3:J2000)/(60*24) -> 0 | D3: ='Cleaned Data'!N3 -> 0 | F3: 1 | G3: =IF(C6=TRUE,_xlfn.XLOOKUP(Calculations!B$3,Artists!$F$3:$F$1003,Artists!$B$3:$B$1003),_xlfn.XLOOKUP(Calculations!B$3,Artists!$E$3:$E$1003,Artists!$B$3:$B$1003)) -> 0 | H3: =IF(C6=TRUE,Calculations!B$3/60,Calculations!B$3) -> 0 | J3: 1 | K3: =IF(C7=TRUE,_xlfn.XLOOKUP(Calculations!M$3,Albums!$F$3:$F$1503,Albums!$B$3:$B$1503),_xlfn.XLOOKUP(Calculations!M$3,Albums!$E$3:$E$1503,Albums!$B$3:$B$1503)) -> 0 | L3: =IF(C7=TRUE,Calculations!M$3/60,Calculations!M$3) -> 0
F4: 2 | G4: =IF(C6=TRUE,_xlfn.XLOOKUP(Calculations!C$3,Artists!$F$3:$F$1003,Artists!$B$3:$B$1003),_xlfn.XLOOKUP(Calculations!C$3,Artists!$E$3:$E$1003,Artists!$B$3:$B$1003)) -> 0 | H4: =IF(C6=TRUE,Calculations!C$3/60,Calculations!C$3) -> 0 | J4: 2 | K4: =IF(C7=TRUE,_xlfn.XLOOKUP(Calculations!N$3,Albums!$F$3:$F$1503,Albums!$B$3:$B$1503),_xlfn.XLOOKUP(Calculations!N$3,Albums!$E$3:$E$1503,Albums!$B$3:$B$1503)) -> 0 | L4: =IF(C7=TRUE,Calculations!N$3/60,Calculations!N$3) -> 0
B5: Playtime (check) /Plays (no check) | F5: 3 | G5: =IF(C6=TRUE,_xlfn.XLOOKUP(Calculations!D$3,Artists!$F$3:$F$1003,Artists!$B$3:$B$1003),_xlfn.XLOOKUP(Calculations!D$3,Artists!$E$3:$E$1003,Artists!$B$3:$B$1003)) -> 0 | H5: =IF(C6=TRUE,Calculations!D$3/60,Calculations!D$3) -> 0 | J5: 3 | K5: =IF(C7=TRUE,_xlfn.XLOOKUP(Calculations!O$3,Albums!$F$3:$F$1503,Albums!$B$3:$B$1503),_xlfn.XLOOKUP(Calculations!O$3,Albums!$E$3:$E$1503,Albums!$B$3:$B$1503)) -> 0 | L5: =IF(C7=TRUE,Calculations!O$3/60,Calculations!O$3) -> 0
B6: Top 10 Artists | C6: FALSE | F6: 4 | G6: =IF(C6=TRUE,_xlfn.XLOOKUP(Calculations!E$3,Artists!$F$3:$F$1003,Artists!$B$3:$B$1003),_xlfn.XLOOKUP(Calculations!E$3,Artists!$E$3:$E$1003,Artists!$B$3:$B$1003)) -> 0 | H6: =IF(C6=TRUE,Calculations!E$3/60,Calculations!E$3) -> 0 | J6: 4 | K6: =IF(C7=TRUE,_xlfn.XLOOKUP(Calculations!P$3,Albums!$F$3:$F$1503,Albums!$B$3:$B$1503),_xlfn.XLOOKUP(Calculations!P$3,Albums!$E$3:$E$1503,Albums!$B$3:$B$1503)) -> 0 | L6: =IF(C7=TRUE,Calculations!P$3/60,Calculations!P$3) -> 0
B7: Top 10 Albums | C7: FALSE | F7: 5 | G7: =IF(C6=TRUE,_xlfn.XLOOKUP(Calculations!F$3,Artists!$F$3:$F$1003,Artists!$B$3:$B$1003),_xlfn.XLOOKUP(Calculations!F$3,Artists!$E$3:$E$1003,Artists!$B$3:$B$1003)) -> 0 | H7: =IF(C6=TRUE,Calculations!F$3/60,Calculations!F$3) -> 0 | J7: 5 | K7: =IF(C7=TRUE,_xlfn.XLOOKUP(Calculations!Q$3,Albums!$F$3:$F$1503,Albums!$B$3:$B$1503),_xlfn.XLOOKUP(Calculations!Q$3,Albums!$E$3:$E$1503,Albums!$B$3:$B$1503)) -> 0 | L7: =IF(C7=TRUE,Calculations!Q$3/60,Calculations!Q$3) -> 0
F8: 6 | G8: =IF(C6=TRUE,_xlfn.XLOOKUP(Calculations!G$3,Artists!$F$3:$F$1003,Artists!$B$3:$B$1003),_xlfn.XLOOKUP(Calculations!G$3,Artists!$E$3:$E$1003,Artists!$B$3:$B$1003)) -> 0 | H8: =IF(C6=TRUE,Calculations!G$3/60,Calculations!G$3) -> 0 | J8: 6 | K8: =IF(C7=TRUE,_xlfn.XLOOKUP(Calculations!R$3,Albums!$F$3:$F$1503,Albums!$B$3:$B$1503),_xlfn.XLOOKUP(Calculations!R$3,Albums!$E$3:$E$1503,Albums!$B$3:$B$1503)) -> 0 | L8: =IF(C7=TRUE,Calculations!R$3/60,Calculations!R$3) -> 0
F9: 7 | G9: =IF(C6=TRUE,_xlfn.XLOOKUP(Calculations!H$3,Artists!$F$3:$F$1003,Artists!$B$3:$B$1003),_xlfn.XLOOKUP(Calculations!H$3,Artists!$E$3:$E$1003,Artists!$B$3:$B$1003)) -> 0 | H9: =IF(C6=TRUE,Calculations!H$3/60,Calculations!H$3) -> 0 | J9: 7 | K9: =IF(C7=TRUE,_xlfn.XLOOKUP(Calculations!S$3,Albums!$F$3:$F$1503,Albums!$B$3:$B$1503),_xlfn.XLOOKUP(Calculations!S$3,Albums!$E$3:$E$1503,Albums!$B$3:$B$1503)) -> 0 | L9: =IF(C7=TRUE,Calculations!S$3/60,Calculations!S$3) -> 0
F10: 8 | G10: =IF(C6=TRUE,_xlfn.XLOOKUP(Calculations!I$3,Artists!$F$3:$F$1003,Artists!$B$3:$B$1003),_xlfn.XLOOKUP(Calculations!I$3,Artists!$E$3:$E$1003,Artists!$B$3:$B$1003)) -> 0 | H10: =IF(C6=TRUE,Calculations!I$3/60,Calculations!I$3) -> 0 | J10: 8 | K10: =IF(C7=TRUE,_xlfn.XLOOKUP(Calculations!T$3,Albums!$F$3:$F$1503,Albums!$B$3:$B$1503),_xlfn.XLOOKUP(Calculations!T$3,Albums!$E$3:$E$1503,Albums!$B$3:$B$1503)) -> 0 | L10: =IF(C7=TRUE,Calculations!T$3/60,Calculations!T$3) -> 0
F11: 9 | G11: =IF(C6=TRUE,_xlfn.XLOOKUP(Calculations!J$3,Artists!$F$3:$F$1003,Artists!$B$3:$B$1003),_xlfn.XLOOKUP(Calculations!J$3,Artists!$E$3:$E$1003,Artists!$B$3:$B$1003)) -> 0 | H11: =IF(C6=TRUE,Calculations!J$3/60,Calculations!J$3) -> 0 | J11: 9 | K11: =IF(C7=TRUE,_xlfn.XLOOKUP(Calculations!U$3,Albums!$F$3:$F$1503,Albums!$B$3:$B$1503),_xlfn.XLOOKUP(Calculations!U$3,Albums!$E$3:$E$1503,Albums!$B$3:$B$1503)) -> 0 | L11: =IF(C7=TRUE,Calculations!U$3/60,Calculations!U$3) -> 0
F12: 10 | G12: =IF(C6=TRUE,_xlfn.XLOOKUP(Calculations!K$3,Artists!$F$3:$F$1003,Artists!$B$3:$B$1003),_xlfn.XLOOKUP(Calculations!K$3,Artists!$E$3:$E$1003,Artists!$B$3:$B$1003)) -> 0 | H12: =IF(C6=TRUE,Calculations!K$3/60,Calculations!K$3) -> 0 | J12: 10 | K12: =IF(C7=TRUE,_xlfn.XLOOKUP(Calculations!V$3,Albums!$F$3:$F$1503,Albums!$B$3:$B$1503),_xlfn.XLOOKUP(Calculations!V$3,Albums!$E$3:$E$1503,Albums!$B$3:$B$1503)) -> 0 | L12: =IF(C7=TRUE,Calculations!V$3/60,Calculations!V$3) -> 0

Sheet Graphs

Sheet Artists
B2: Artist | C2: Total Songs | D2: Runtime (minutes) | E2: Plays | F2: Playtime (minutes)
C3: =IF(B3>0,COUNTIF('Cleaned Data'!C$4:C$5004,Artists!B3),"N/A") -> N/A | D3: =IF(B3>0,SUMIF('Cleaned Data'!C$4:C$5004,Artists!B3,'Cleaned Data'!I$4:I$5004),"N/A") -> N/A | E3: =IF(B3>0,SUMIF('Cleaned Data'!C$4:C$5004,Artists!B3,'Cleaned Data'!H$4:H$5004),0) -> 0 | F3: =IF(B3>0,SUMIF('Cleaned Data'!C$4:C$5004,B3,'Cleaned Data'!J$4:J$5004),0) -> 0
C4: =IF(B4>0,COUNTIF('Cleaned Data'!C$4:C$5004,Artists!B4),"N/A") -> N/A | D4: =IF(B4>0,SUMIF('Cleaned Data'!C$4:C$5004,Artists!B4,'Cleaned Data'!I$4:I$5004),"N/A") -> N/A | E4: =IF(B4>0,SUMIF('Cleaned Data'!C$4:C$5004,Artists!B4,'Cleaned Data'!H$4:H$5004),0) -> 0 | F4: =IF(B4>0,SUMIF('Cleaned Data'!C$4:C$5004,B4,'Cleaned Data'!J$4:J$5004),0) -> 0
C5: =IF(B5>0,COUNTIF('Cleaned Data'!C$4:C$5004,Artists!B5),"N/A") -> N/A | D5: =IF(B5>0,SUMIF('Cleaned Data'!C$4:C$5004,Artists!B5,'Cleaned Data'!I$4:I$5004),"N/A") -> N/A | E5: =IF(B5>0,SUMIF('Cleaned Data'!C$4:C$5004,Artists!B5,'Cleaned Data'!H$4:H$5004),0) -> 0 | F5: =IF(B5>0,SUMIF('Cleaned Data'!C$4:C$5004,B5,'Cleaned Data'!J$4:J$5004),0) -> 0
C6: =IF(B6>0,COUNTIF('Cleaned Data'!C$4:C$5004,Artists!B6),"N/A") -> N/A | D6: =IF(B6>0,SUMIF('Cleaned Data'!C$4:C$5004,Artists!B6,'Cleaned Data'!I$4:I$5004),"N/A") -> N/A | E6: =IF(B6>0,SUMIF('Cleaned Data'!C$4:C$5004,Artists!B6,'Cleaned Data'!H$4:H$5004),0) -> 0 | F6: =IF(B6>0,SUMIF('Cleaned Data'!C$4:C$5004,B6,'Cleaned Data'!J$4:J$5004),0) -> 0
C7: =IF(B7>0,COUNTIF('Cleaned Data'!C$4:C$5004,Artists!B7),"N/A") -> N/A | D7: =IF(B7>0,SUMIF('Cleaned Data'!C$4:C$5004,Artists!B7,'Cleaned Data'!I$4:I$5004),"N/A") -> N/A | E7: =IF(B7>0,SUMIF('Cleaned Data'!C$4:C$5004,Artists!B7,'Cleaned Data'!H$4:H$5004),0) -> 0 | F7: =IF(B7>0,SUMIF('Cleaned Data'!C$4:C$5004,B7,'Cleaned Data'!J$4:J$5004),0) -> 0
C8: =IF(B8>0,COUNTIF('Cleaned Data'!C$4:C$5004,Artists!B8),"N/A") -> N/A | D8: =IF(B8>0,SUMIF('Cleaned Data'!C$4:C$5004,Artists!B8,'Cleaned Data'!I$4:I$5004),"N/A") -> N/A | E8: =IF(B8>0,SUMIF('Cleaned Data'!C$4:C$5004,Artists!B8,'Cleaned Data'!H$4:H$5004),0) -> 0 | F8: =IF(B8>0,SUMIF('Cleaned Data'!C$4:C$5004,B8,'Cleaned Data'!J$4:J$5004),0) -> 0
C9: =IF(B9>0,COUNTIF('Cleaned Data'!C$4:C$5004,Artists!B9),"N/A") -> N/A | D9: =IF(B9>0,SUMIF('Cleaned Data'!C$4:C$5004,Artists!B9,'Cleaned Data'!I$4:I$5004),"N/A") -> N/A | E9: =IF(B9>0,SUMIF('Cleaned Data'!C$4:C$5004,Artists!B9,'Cleaned Data'!H$4:H$5004),0) -> 0 | F9: =IF(B9>0,SUMIF('Cleaned Data'!C$4:C$5004,B9,'Cleaned Data'!J$4:J$5004),0) -> 0
C10: =IF(B10>0,COUNTIF('Cleaned Data'!C$4:C$5004,Artists!B10),"N/A") -> N/A | D10: =IF(B10>0,SUMIF('Cleaned Data'!C$4:C$5004,Artists!B10,'Cleaned Data'!I$4:I$5004),"N/A") -> N/A | E10: =IF(B10>0,SUMIF('Cleaned Data'!C$4:C$5004,Artists!B10,'Cleaned Data'!H$4:H$5004),0) -> 0 | F10: =IF(B10>0,SUMIF('Cleaned Data'!C$4:C$5004,B10,'Cleaned Data'!J$4:J$5004),0) -> 0
C11: =IF(B11>0,COUNTIF('Cleaned Data'!C$4:C$5004,Artists!B11),"N/A") -> N/A | D11: =IF(B11>0,SUMIF('Cleaned Data'!C$4:C$5004,Artists!B11,'Cleaned Data'!I$4:I$5004),"N/A") -> N/A | E11: =IF(B11>0,SUMIF('Cleaned Data'!C$4:C$5004,Artists!B11,'Cleaned Data'!H$4:H$5004),0) -> 0 | F11: =IF(B11>0,SUMIF('Cleaned Data'!C$4:C$5004,B11,'Cleaned Data'!J$4:J$5004),0) -> 0
C12: =IF(B12>0,COUNTIF('Cleaned Data'!C$4:C$5004,Artists!B12),"N/A") -> N/A | D12: =IF(B12>0,SUMIF('Cleaned Data'!C$4:C$5004,Artists!B12,'Cleaned Data'!I$4:I$5004),"N/A") -> N/A | E12: =IF(B12>0,SUMIF('Cleaned Data'!C$4:C$5004,Artists!B12,'Cleaned Data'!H$4:H$5004),0) -> 0 | F12: =IF(B12>0,SUMIF('Cleaned Data'!C$4:C$5004,B12,'Cleaned Data'!J$4:J$5004),0) -> 0
C13: =IF(B13>0,COUNTIF('Cleaned Data'!C$4:C$5004,Artists!B13),"N/A") -> N/A | D13: =IF(B13>0,SUMIF('Cleaned Data'!C$4:C$5004,Artists!B13,'Cleaned Data'!I$4:I$5004),"N/A") -> N/A | E13: =IF(B13>0,SUMIF('Cleaned Data'!C$4:C$5004,Artists!B13,'Cleaned Data'!H$4:H$5004),0) -> 0 | F13: =IF(B13>0,SUMIF('Cleaned Data'!C$4:C$5004,B13,'Cleaned Data'!J$4:J$5004),0) -> 0
C14: =IF(B14>0,COUNTIF('Cleaned Data'!C$4:C$5004,Artists!B14),"N/A") -> N/A | D14: =IF(B14>0,SUMIF('Cleaned Data'!C$4:C$5004,Artists!B14,'Cleaned Data'!I$4:I$5004),"N/A") -> N/A | E14: =IF(B14>0,SUMIF('Cleaned Data'!C$4:C$5004,Artists!B14,'Cleaned Data'!H$4:H$5004),0) -> 0 | F14: =IF(B14>0,SUMIF('Cleaned Data'!C$4:C$5004,B14,'Cleaned Data'!J$4:J$5004),0) -> 0
... C1003: =IF(B1003>0,COUNTIF('Cleaned Data'!C$4:C$5004,Artists!B1003),"N/A") -> N/A | D1003: =IF(B1003>0,SUMIF('Cleaned Data'!C$4:C$5004,Artists!B1003,'Cleaned Data'!I$4:I$5004),"N/A") -> N/A | E1003: =IF(B1003>0,SUMIF('Cleaned Data'!C$4:C$5004,Artists!B1003,'Cleaned Data'!H$4:H$5004),0) -> 0 | F1003: =IF(B1003>0,SUMIF('Cleaned Data'!C$4:C$5004,B1003,'Cleaned Data'!J$4:J$5004),0) -> 0

Sheet Albums
B2: Album | C2: Total Songs | D2: Runtime (minutes) | E2: Plays | F2: Playtime
C3: =IF(B3>0,COUNTIF('Cleaned Data'!D$4:D$5004,B3),0) -> 0 | D3: =IF(B3>0,SUMIF('Cleaned Data'!D$4:D$5000,B3,'Cleaned Data'!I$4:I$5004),"N/A") -> N/A | E3: =IF(B3>0,SUMIF('Cleaned Data'!D$4:D$5004,B3,'Cleaned Data'!H$4:H$5004),0) -> 0 | F3: =IF(B3>0,SUMIF('Cleaned Data'!D$4:D$5004,B3,'Cleaned Data'!J$4:J$5004),0) -> 0
C4: =IF(B4>0,COUNTIF('Cleaned Data'!D$4:D$5004,B4),0) -> 0 | D4: =IF(B4>0,SUMIF('Cleaned Data'!D$4:D$5000,B4,'Cleaned Data'!I$4:I$5004),"N/A") -> N/A | E4: =IF(B4>0,SUMIF('Cleaned Data'!D$4:D$5004,B4,'Cleaned Data'!H$4:H$5004),0) -> 0 | F4: =IF(B4>0,SUMIF('Cleaned Data'!D$4:D$5004,B4,'Cleaned Data'!J$4:J$5004),0) -> 0
C5: =IF(B5>0,COUNTIF('Cleaned Data'!D$4:D$5004,B5),0) -> 0 | D5: =IF(B5>0,SUMIF('Cleaned Data'!D$4:D$5000,B5,'Cleaned Data'!I$4:I$5004),"N/A") -> N/A | E5: =IF(B5>0,SUMIF('Cleaned Data'!D$4:D$5004,B5,'Cleaned Data'!H$4:H$5004),0) -> 0 | F5: =IF(B5>0,SUMIF('Cleaned Data'!D$4:D$5004,B5,'Cleaned Data'!J$4:J$5004),0) -> 0
C6: =IF(B6>0,COUNTIF('Cleaned Data'!D$4:D$5004,B6),0) -> 0 | D6: =IF(B6>0,SUMIF('Cleaned Data'!D$4:D$5000,B6,'Cleaned Data'!I$4:I$5004),"N/A") -> N/A | E6: =IF(B6>0,SUMIF('Cleaned Data'!D$4:D$5004,B6,'Cleaned Data'!H$4:H$5004),0) -> 0 | F6: =IF(B6>0,SUMIF('Cleaned Data'!D$4:D$5004,B6,'Cleaned Data'!J$4:J$5004),0) -> 0
C7: =IF(B7>0,COUNTIF('Cleaned Data'!D$4:D$5004,B7),0) -> 0 | D7: =IF(B7>0,SUMIF('Cleaned Data'!D$4:D$5000,B7,'Cleaned Data'!I$4:I$5004),"N/A") -> N/A | E7: =IF(B7>0,SUMIF('Cleaned Data'!D$4:D$5004,B7,'Cleaned Data'!H$4:H$5004),0) -> 0 | F7: =IF(B7>0,SUMIF('Cleaned Data'!D$4:D$5004,B7,'Cleaned Data'!J$4:J$5004),0) -> 0
C8: =IF(B8>0,COUNTIF('Cleaned Data'!D$4:D$5004,B8),0) -> 0 | D8: =IF(B8>0,SUMIF('Cleaned Data'!D$4:D$5000,B8,'Cleaned Data'!I$4:I$5004),"N/A") -> N/A | E8: =IF(B8>0,SUMIF('Cleaned Data'!D$4:D$5004,B8,'Cleaned Data'!H$4:H$5004),0) -> 0 | F8: =IF(B8>0,SUMIF('Cleaned Data'!D$4:D$5004,B8,'Cleaned Data'!J$4:J$5004),0) -> 0
C9: =IF(B9>0,COUNTIF('Cleaned Data'!D$4:D$5004,B9),0) -> 0 | D9: =IF(B9>0,SUMIF('Cleaned Data'!D$4:D$5000,B9,'Cleaned Data'!I$4:I$5004),"N/A") -> N/A | E9: =IF(B9>0,SUMIF('Cleaned Data'!D$4:D$5004,B9,'Cleaned Data'!H$4:H$5004),0) -> 0 | F9: =IF(B9>0,SUMIF('Cleaned Data'!D$4:D$5004,B9,'Cleaned Data'!J$4:J$5004),0) -> 0
C10: =IF(B10>0,COUNTIF('Cleaned Data'!D$4:D$5004,B10),0) -> 0 | D10: =IF(B10>0,SUMIF('Cleaned Data'!D$4:D$5000,B10,'Cleaned Data'!I$4:I$5004),"N/A") -> N/A | E10: =IF(B10>0,SUMIF('Cleaned Data'!D$4:D$5004,B10,'Cleaned Data'!H$4:H$5004),0) -> 0 | F10: =IF(B10>0,SUMIF('Cleaned Data'!D$4:D$5004,B10,'Cleaned Data'!J$4:J$5004),0) -> 0
C11: =IF(B11>0,COUNTIF('Cleaned Data'!D$4:D$5004,B11),0) -> 0 | D11: =IF(B11>0,SUMIF('Cleaned Data'!D$4:D$5000,B11,'Cleaned Data'!I$4:I$5004),"N/A") -> N/A | E11: =IF(B11>0,SUMIF('Cleaned Data'!D$4:D$5004,B11,'Cleaned Data'!H$4:H$5004),0) -> 0 | F11: =IF(B11>0,SUMIF('Cleaned Data'!D$4:D$5004,B11,'Cleaned Data'!J$4:J$5004),0) -> 0
C12: =IF(B12>0,COUNTIF('Cleaned Data'!D$4:D$5004,B12),0) -> 0 | D12: =IF(B12>0,SUMIF('Cleaned Data'!D$4:D$5000,B12,'Cleaned Data'!I$4:I$5004),"N/A") -> N/A | E12: =IF(B12>0,SUMIF('Cleaned Data'!D$4:D$5004,B12,'Cleaned Data'!H$4:H$5004),0) -> 0 | F12: =IF(B12>0,SUMIF('Cleaned Data'!D$4:D$5004,B12,'Cleaned Data'!J$4:J$5004),0) -> 0
C13: =IF(B13>0,COUNTIF('Cleaned Data'!D$4:D$5004,B13),0) -> 0 | D13: =IF(B13>0,SUMIF('Cleaned Data'!D$4:D$5000,B13,'Cleaned Data'!I$4:I$5004),"N/A") -> N/A | E13: =IF(B13>0,SUMIF('Cleaned Data'!D$4:D$5004,B13,'Cleaned Data'!H$4:H$5004),0) -> 0 | F13: =IF(B13>0,SUMIF('Cleaned Data'!D$4:D$5004,B13,'Cleaned Data'!J$4:J$5004),0) -> 0
C14: =IF(B14>0,COUNTIF('Cleaned Data'!D$4:D$5004,B14),0) -> 0 | D14: =IF(B14>0,SUMIF('Cleaned Data'!D$4:D$5000,B14,'Cleaned Data'!I$4:I$5004),"N/A") -> N/A | E14: =IF(B14>0,SUMIF('Cleaned Data'!D$4:D$5004,B14,'Cleaned Data'!H$4:H$5004),0) -> 0 | F14: =IF(B14>0,SUMIF('Cleaned Data'!D$4:D$5004,B14,'Cleaned Data'!J$4:J$5004),0) -> 0
... C1500: =IF(B1500>0,COUNTIF('Cleaned Data'!D$4:D$5004,B1500),0) -> 0 | D1500: =IF(B1500>0,SUMIF('Cleaned Data'!D$4:D$5000,B1500,'Cleaned Data'!I$4:I$5004),"N/A") -> N/A | E1500: =IF(B1500>0,SUMIF('Cleaned Data'!D$4:D$5004,B1500,'Cleaned Data'!H$4:H$5004),0) -> 0 | F1500: =IF(B1500>0,SUMIF('Cleaned Data'!D$4:D$5004,B1500,'Cleaned Data'!J$4:J$5004),0) -> 0

Sheet Calculations
B2: Top 10 Artists | M2: Top 10 Albums | X2: Years | Y2: # of Songs | Z2: Playtime | AA2: Plays | AC2: Decade Data | AJ2: =AE4 -> 1900s | AM2: =AE5 -> 1910s | AP2: =AE6 -> 1920s | AS2: =$AE7 -> 1930s | AV2: =$AE8 -> 1940s | AY2: =$AE9 -> 1950s | BB2: =$AE10 -> 1960s | BE2: =$AE11 -> 1970s | BH2: =$AE12 -> 1980s | BK2: =$AE13 -> 1990s | BN2: =$AE14 -> 2000s | BQ2: =$AE15 -> 2010s | BT2: =$AE16 -> 2020s | BW2: =$AE17 -> 2030s | BZ2: =$AE18 -> 2040s
B3: =IF('Summary Statistics'!C6=TRUE,MAX(Artists!F3:F1003),MAX(Artists!E3:E1003)) -> 0 | C3: =IF('Summary Statistics'!$C$6=TRUE,_xlfn.MAXIFS(Artists!$F3:'Artists'!$F1003,B$4:B$1004,TRUE),_xlfn.MAXIFS(Artists!$E3:'Artists'!$E1003,B$4:B$1004,TRUE)) -> 0 | D3: =IF('Summary Statistics'!$C$6=TRUE,_xlfn.MAXIFS(Artists!$F3:'Artists'!$F1003,C$4:C$1004,TRUE),_xlfn.MAXIFS(Artists!$E3:'Artists'!$E1003,C$4:C$1004,TRUE)) -> 0 | E3: =IF('Summary Statistics'!$C$6=TRUE,_xlfn.MAXIFS(Artists!$F3:'Artists'!$F1003,D$4:D$1004,TRUE),_xlfn.MAXIFS(Artists!$E3:'Artists'!$E1003,D$4:D$1004,TRUE)) -> 0 | F3: =IF('Summary Statistics'!$C$6=TRUE,_xlfn.MAXIFS(Artists!$F3:'Artists'!$F1003,E$4:E$1004,TRUE),_xlfn.MAXIFS(Artists!$E3:'Artists'!$E1003,E$4:E$1004,TRUE)) -> 0 | G3: =IF('Summary Statistics'!$C$6=TRUE,_xlfn.MAXIFS(Artists!$F3:'Artists'!$F1003,F$4:F$1004,TRUE),_xlfn.MAXIFS(Artists!$E3:'Artists'!$E1003,F$4:F$1004,TRUE)) -> 0 | H3: =IF('Summary Statistics'!$C$6=TRUE,_xlfn.MAXIFS(Artists!$F3:'Artists'!$F1003,G$4:G$1004,TRUE),_xlfn.MAXIFS(Artists!$E3:'Artists'!$E1003,G$4:G$1004,TRUE)) -> 0 | I3: =IF('Summary Statistics'!$C$6=TRUE,_xlfn.MAXIFS(Artists!$F3:'Artists'!$F1003,H$4:H$1004,TRUE),_xlfn.MAXIFS(Artists!$E3:'Artists'!$E1003,H$4:H$1004,TRUE)) -> 0 | J3: =IF('Summary Statistics'!$C$6=TRUE,_xlfn.MAXIFS(Artists!$F3:'Artists'!$F1003,I$4:I$1004,TRUE),_xlfn.MAXIFS(Artists!$E3:'Artists'!$E1003,I$4:I$1004,TRUE)) -> 0 | K3: =IF('Summary Statistics'!$C$6=TRUE,_xlfn.MAXIFS(Artists!$F3:'Artists'!$F1003,J$4:J$1004,TRUE),_xlfn.MAXIFS(Artists!$E3:'Artists'!$E1003,J$4:J$1004,TRUE)) -> 0 | M3: =IF('Summary Statistics'!C7=TRUE,MAX(Albums!F3:F1503),MAX(Albums!E3:E1503)) -> 0 | N3: =IF('Summary Statistics'!$C$7=TRUE,_xlfn.MAXIFS(Albums!$F3:'Albums'!$F1503,M$4:M$1504,TRUE),_xlfn.MAXIFS(Albums!$E3:'Albums'!$E1503,M$4:M$1504,TRUE)) -> 0 | O3: =IF('Summary Statistics'!$C$7=TRUE,_xlfn.MAXIFS(Albums!$F3:'Albums'!$F1503,N$4:N$1504,TRUE),_xlfn.MAXIFS(Albums!$E3:'Albums'!$E1503,N$4:N$1504,TRUE)) -> 0 | P3: =IF('Summary Statistics'!$C$7=TRUE,_xlfn.MAXIFS(Albums!$F3:'Albums'!$F1503,O$4:O$1504,TRUE),_xlfn.MAXIFS(Albums!$E3:'Albums'!$E1503,O$4:O$1504,TRUE)) -> 0 | Q3: =IF('Summary Statistics'!$C$7=TRUE,_xlfn.MAXIFS(Albums!$F3:'Albums'!$F1503,P$4:P$1504,TRUE),_xlfn.MAXIFS(Albums!$E3:'Albums'!$E1503,P$4:P$1504,TRUE)) -> 0 | R3: =IF('Summary Statistics'!$C$7=TRUE,_xlfn.MAXIFS(Albums!$F3:'Albums'!$F1503,Q$4:Q$1504,TRUE),_xlfn.MAXIFS(Albums!$E3:'Albums'!$E1503,Q$4:Q$1504,TRUE)) -> 0 | S3: =IF('Summary Statistics'!$C$7=TRUE,_xlfn.MAXIFS(Albums!$F3:'Albums'!$F1503,R$4:R$1504,TRUE),_xlfn.MAXIFS(Albums!$E3:'Albums'!$E1503,R$4:R$1504,TRUE)) -> 0 | T3: =IF('Summary Statistics'!$C$7=TRUE,_xlfn.MAXIFS(Albums!$F3:'Albums'!$F1503,S$4:S$1504,TRUE),_xlfn.MAXIFS(Albums!$E3:'Albums'!$E1503,S$4:S$1504,TRUE)) -> 0 | U3: =IF('Summary Statistics'!$C$7=TRUE,_xlfn.MAXIFS(Albums!$F3:'Albums'!$F1503,T$4:T$1504,TRUE),_xlfn.MAXIFS(Albums!$E3:'Albums'!$E1503,T$4:T$1504,TRUE)) -> 0 | V3: =IF('Summary Statistics'!$C$7=TRUE,_xlfn.MAXIFS(Albums!$F3:'Albums'!$F1503,U$4:U$1504,TRUE),_xlfn.MAXIFS(Albums!$E3:'Albums'!$E1503,U$4:U$1504,TRUE)) -> 0 | X3: =1900 -> 1900 | Y3: =COUNTIF('Cleaned Data'!$K$4:$K$5004,X3) -> 0 | Z3: =SUMIF('Cleaned Data'!$K$4:'Cleaned Data'!$K$5004,Calculations!X3,'Cleaned Data'!$J$4:$J$5004) -> 0 | AA3: =SUMIF('Cleaned Data'!$K$4:'Cleaned Data'!$K$5004,Calculations!X3,'Cleaned Data'!$H$4:$H$5004) -> 0 | AC3: Decade Start | AD3: Decade End | AE3: Decade Title | AF3: # of Songs | AG3: Playtime (days) | AH3: Plays | AJ3: =IF(AND($AC$4<=$X3,$X3<$AD$4),Y3,0) -> 0 | AK3: =IF(AND($AC$4<=$X3,$X3<$AD$4),Z3,0) -> 0 | AL3: =IF(AND($AC$4<=$X3,$X3<$AD$4),AA3,0) -> 0 | AM3: =IF(AND($AC$5<=$X3,$X3<$AD$5),Y3,0) -> 0 | AN3: =IF(AND($AC$5<=$X3,$X3<$AD$5),Z3,0) -> 0 | AO3: =IF(AND($AC$5<=$X3,$X3<$AD$5),AA3,0) -> 0 | AP3: =IF(AND($AC$6<=$X3,$X3<$AD$6),Y3,0) -> 0 | AQ3: =IF(AND($AC$6<=$X3,$X3<$AD$6),Z3,0) -> 0 | AR3: =IF(AND($AC$6<=$X3,$X3<$AD$6),AA3,0) -> 0 | AS3: =IF(AND($AC$7<=$X3,$X3<$AD$7),Y3,0) -> 0 | AT3: =IF(AND($AC$7<=$X3,$X3<$AD$7),Z3,0) -> 0 | AU3: =IF(AND($AC$7<=$X3,$X3<$AD$7),AA3,0) -> 0 | AV3: =IF(AND($AC$8<=$X3,$X3<$AD$8),Y3,0) -> 0 | AW3: =IF(AND($AC$8<=$X3,$X3<$AD$8),Z3,0) -> 0 | AX3: =IF(AND($AC$8<=$X3,$X3<$AD$8),AA3,0) -> 0 | AY3: =IF(AND($AC$9<=$X3,$X3<$AD$9),Y3,0) -> 0 | AZ3: =IF(AND($AC$9<=$X3,$X3<$AD$9),Z3,0) -> 0 | BA3: =IF(AND($AC$9<=$X3,$X3<$AD$9),AA3,0) -> 0 | BB3: =IF(AND($AC$10<=$X3,$X3<$AD$10),Y3,0) -> 0 | BC3: =IF(AND($AC$10<=$X3,$X3<$AD$10),Z3,0) -> 0 | BD3: =IF(AND($AC$10<=$X3,$X3<$AD$10),AA3,0) -> 0 | BE3: =IF(AND($AC$11<=$X3,$X3<$AD$11),Y3,0) -> 0 | BF3: =IF(AND($AC$11<=$X3,$X3<$AD$11),Z3,0) -> 0 | BG3: =IF(AND($AC$11<=$X3,$X3<$AD$11),AA3,0) -> 0 | BH3: =IF(AND($AC$12<=$X3,$X3<$AD$12),Y3,0) -> 0 | BI3: =IF(AND($AC$12<=$X3,$X3<$AD$12),Z3,0) -> 0 | BJ3: =IF(AND($AC$12<=$X3,$X3<$AD$12),AA3,0) -> 0 | BK3: =IF(AND($AC$13<=$X3,$X3<$AD$13),Y3,0) -> 0 | BL3: =IF(AND($AC$13<=$X3,$X3<$AD$13),Z3,0) -> 0 | BM3: =IF(AND($AC$13<=$X3,$X3<$AD$13),AA3,0) -> 0 | BN3: =IF(AND($AC$14<=$X3,$X3<$AD$14),Y3,0) -> 0 | BO3: =IF(AND($AC$14<=$X3,$X3<$AD$14),Z3,0) -> 0 | BP3: =IF(AND($AC$14<=$X3,$X3<$AD$14),AA3,0) -> 0 | BQ3: =IF(AND($AC$15<=$X3,$X3<$AD$15),Y3,0) -> 0 | BR3: =IF(AND($AC$15<=$X3,$X3<$AD$15),Z3,0) -> 0 | BS3: =IF(AND($AC$15<=$X3,$X3<$AD$15),AA3,0) -> 0 | BT3: =IF(AND($AC$16<=$X3,$X3<$AD$16),Y3,0) -> 0 | BU3: =IF(AND($AC$16<=$X3,$X3<$AD$16),Z3,0) -> 0 | BV3: =IF(AND($AC$16<=$X3,$X3<$AD$16),AA3,0) -> 0 | BW3: =IF(AND($AC$17<=$X3,$X3<$AD$17),Y3,0) -> 0 | BX3: =IF(AND($AC$17<=$X3,$X3<$AD$17),Z3,0) -> 0 | BY3: =IF(AND($AC$17<=$X3,$X3<$AD$17),AA3,0) -> 0 | BZ3: =IF(AND($AC$18<=$X3,$X3<$AD$18),Y3,0) -> 0 | CA3: =IF(AND($AC$18<=$X3,$X3<$AD$18),Z3,0) -> 0 | CB3: =IF(AND($AC$18<=$X3,$X3<$AD$18),AA3,0) -> 0
B4: =IF('Summary Statistics'!$C$6=TRUE,Artists!$F3<B$3,Artists!$E3<B$3) -> FALSE | C4: =IF('Summary Statistics'!$C$6=TRUE,Artists!$F3<C$3,Artists!$E3<C$3) -> FALSE | D4: =IF('Summary Statistics'!$C$6=TRUE,Artists!$F3<D$3,Artists!$E3<D$3) -> FALSE | E4: =IF('Summary Statistics'!$C$6=TRUE,Artists!$F3<E$3,Artists!$E3<E$3) -> FALSE | F4: =IF('Summary Statistics'!$C$6=TRUE,Artists!$F3<F$3,Artists!$E3<F$3) -> FALSE | G4: =IF('Summary Statistics'!$C$6=TRUE,Artists!$F3<G$3,Artists!$E3<G$3) -> FALSE | H4: =IF('Summary Statistics'!$C$6=TRUE,Artists!$F3<H$3,Artists!$E3<H$3) -> FALSE | I4: =IF('Summary Statistics'!$C$6=TRUE,Artists!$F3<I$3,Artists!$E3<I$3) -> FALSE | ... K4: =IF('Summary Statistics'!$C$6=TRUE,Artists!$F3<K$3,Artists!$E3<K$3) -> FALSE | M4: =IF('Summary Statistics'!$C$7=TRUE,Albums!$F3<M$3,Albums!$E3<M$3) -> FALSE | N4: =IF('Summary Statistics'!$C$7=TRUE,Albums!$F3<N$3,Albums!$E3<N$3) -> FALSE | O4: =IF('Summary Statistics'!$C$7=TRUE,Albums!$F3<O$3,Albums!$E3<O$3) -> FALSE | P4: =IF('Summary Statistics'!$C$7=TRUE,Albums!$F3<P$3,Albums!$E3<P$3) -> FALSE | Q4: =IF('Summary Statistics'!$C$7=TRUE,Albums!$F3<Q$3,Albums!$E3<Q$3) -> FALSE | R4: =IF('Summary Statistics'!$C$7=TRUE,Albums!$F3<R$3,Albums!$E3<R$3) -> FALSE | S4: =IF('Summary Statistics'!$C$7=TRUE,Albums!$F3<S$3,Albums!$E3<S$3) -> FALSE | T4: =IF('Summary Statistics'!$C$7=TRUE,Albums!$F3<T$3,Albums!$E3<T$3) -> FALSE | ... V4: =IF('Summary Statistics'!$C$7=TRUE,Albums!$F3<V$3,Albums!$E3<V$3) -> FALSE | X4: =1+X3 -> 1901 | Y4: =COUNTIF('Cleaned Data'!$K$4:$K$5004,X4) -> 0 | Z4: =SUMIF('Cleaned Data'!$K$4:'Cleaned Data'!$K$5004,Calculations!X4,'Cleaned Data'!$J$4:$J$5004) -> 0 | AA4: =SUMIF('Cleaned Data'!$K$4:'Cleaned Data'!$K$5004,Calculations!X4,'Cleaned Data'!$H$4:$H$5004) -> 0 | AC4: 1900 | AD4: 1910 | AE4: 1900s | AF4: =SUM(AJ3:AJ153) -> 0 | AG4: =SUM(AK3:AK153) -> 0 | AH4: =SUM(AL3:AL153) -> 0 | AJ4: =IF(AND($AC$4<=$X4,$X4<$AD$4),Y4,0) -> 0 | AK4: =IF(AND($AC$4<=$X4,$X4<$AD$4),Z4,0) -> 0 | AL4: =IF(AND($AC$4<=$X4,$X4<$AD$4),AA4,0) -> 0 | AM4: =IF(AND($AC$5<=$X4,$X4<$AD$5),Y4,0) -> 0 | AN4: =IF(AND($AC$5<=$X4,$X4<$AD$5),Z4,0) -> 0 | AO4: =IF(AND($AC$5<=$X4,$X4<$AD$5),AA4,0) -> 0 | AP4: =IF(AND($AC$6<=$X4,$X4<$AD$6),Y4,0) -> 0 | AQ4: =IF(AND($AC$6<=$X4,$X4<$AD$6),Z4,0) -> 0 | AR4: =IF(AND($AC$6<=$X4,$X4<$AD$6),AA4,0) -> 0 | AS4: =IF(AND($AC$7<=$X4,$X4<$AD$7),Y4,0) -> 0 | AT4: =IF(AND($AC$7<=$X4,$X4<$AD$7),Z4,0) -> 0 | AU4: =IF(AND($AC$7<=$X4,$X4<$AD$7),AA4,0) -> 0 | AV4: =IF(AND($AC$8<=$X4,$X4<$AD$8),Y4,0) -> 0 | AW4: =IF(AND($AC$8<=$X4,$X4<$AD$8),Z4,0) -> 0 | AX4: =IF(AND($AC$8<=$X4,$X4<$AD$8),AA4,0) -> 0 | AY4: =IF(AND($AC$9<=$X4,$X4<$AD$9),Y4,0) -> 0 | AZ4: =IF(AND($AC$9<=$X4,$X4<$AD$9),Z4,0) -> 0 | BA4: =IF(AND($AC$9<=$X4,$X4<$AD$9),AA4,0) -> 0 | BB4: =IF(AND($AC$10<=$X4,$X4<$AD$10),Y4,0) -> 0 | BC4: =IF(AND($AC$10<=$X4,$X4<$AD$10),Z4,0) -> 0 | BD4: =IF(AND($AC$10<=$X4,$X4<$AD$10),AA4,0) -> 0 | BE4: =IF(AND($AC$11<=$X4,$X4<$AD$11),Y4,0) -> 0 | BF4: =IF(AND($AC$11<=$X4,$X4<$AD$11),Z4,0) -> 0 | BG4: =IF(AND($AC$11<=$X4,$X4<$AD$11),AA4,0) -> 0 | BH4: =IF(AND($AC$12<=$X4,$X4<$AD$12),Y4,0) -> 0 | BI4: =IF(AND($AC$12<=$X4,$X4<$AD$12),Z4,0) -> 0 | BJ4: =IF(AND($AC$12<=$X4,$X4<$AD$12),AA4,0) -> 0 | BK4: =IF(AND($AC$13<=$X4,$X4<$AD$13),Y4,0) -> 0 | BL4: =IF(AND($AC$13<=$X4,$X4<$AD$13),Z4,0) -> 0 | BM4: =IF(AND($AC$13<=$X4,$X4<$AD$13),AA4,0) -> 0 | BN4: =IF(AND($AC$14<=$X4,$X4<$AD$14),Y4,0) -> 0 | BO4: =IF(AND($AC$14<=$X4,$X4<$AD$14),Z4,0) -> 0 | BP4: =IF(AND($AC$14<=$X4,$X4<$AD$14),AA4,0) -> 0 | BQ4: =IF(AND($AC$15<=$X4,$X4<$AD$15),Y4,0) -> 0 | BR4: =IF(AND($AC$15<=$X4,$X4<$AD$15),Z4,0) -> 0 | BS4: =IF(AND($AC$15<=$X4,$X4<$AD$15),AA4,0) -> 0 | BT4: =IF(AND($AC$16<=$X4,$X4<$AD$16),Y4,0) -> 0 | BU4: =IF(AND($AC$16<=$X4,$X4<$AD$16),Z4,0) -> 0 | BV4: =IF(AND($AC$16<=$X4,$X4<$AD$16),AA4,0) -> 0 | BW4: =IF(AND($AC$17<=$X4,$X4<$AD$17),Y4,0) -> 0 | BX4: =IF(AND($AC$17<=$X4,$X4<$AD$17),Z4,0) -> 0 | BY4: =IF(AND($AC$17<=$X4,$X4<$AD$17),AA4,0) -> 0 | BZ4: =IF(AND($AC$18<=$X4,$X4<$AD$18),Y4,0) -> 0 | CA4: =IF(AND($AC$18<=$X4,$X4<$AD$18),Z4,0) -> 0 | CB4: =IF(AND($AC$18<=$X4,$X4<$AD$18),AA4,0) -> 0
B5: =IF('Summary Statistics'!$C$6=TRUE,Artists!$F4<B$3,Artists!$E4<B$3) -> FALSE | C5: =IF('Summary Statistics'!$C$6=TRUE,Artists!$F4<C$3,Artists!$E4<C$3) -> FALSE | D5: =IF('Summary Statistics'!$C$6=TRUE,Artists!$F4<D$3,Artists!$E4<D$3) -> FALSE | E5: =IF('Summary Statistics'!$C$6=TRUE,Artists!$F4<E$3,Artists!$E4<E$3) -> FALSE | F5: =IF('Summary Statistics'!$C$6=TRUE,Artists!$F4<F$3,Artists!$E4<F$3) -> FALSE | G5: =IF('Summary Statistics'!$C$6=TRUE,Artists!$F4<G$3,Artists!$E4<G$3) -> FALSE | H5: =IF('Summary Statistics'!$C$6=TRUE,Artists!$F4<H$3,Artists!$E4<H$3) -> FALSE | I5: =IF('Summary Statistics'!$C$6=TRUE,Artists!$F4<I$3,Artists!$E4<I$3) -> FALSE | ... K5: =IF('Summary Statistics'!$C$6=TRUE,Artists!$F4<K$3,Artists!$E4<K$3) -> FALSE | M5: =IF('Summary Statistics'!$C$7=TRUE,Albums!$F4<M$3,Albums!$E4<M$3) -> FALSE | N5: =IF('Summary Statistics'!$C$7=TRUE,Albums!$F4<N$3,Albums!$E4<N$3) -> FALSE | O5: =IF('Summary Statistics'!$C$7=TRUE,Albums!$F4<O$3,Albums!$E4<O$3) -> FALSE | P5: =IF('Summary Statistics'!$C$7=TRUE,Albums!$F4<P$3,Albums!$E4<P$3) -> FALSE | Q5: =IF('Summary Statistics'!$C$7=TRUE,Albums!$F4<Q$3,Albums!$E4<Q$3) -> FALSE | R5: =IF('Summary Statistics'!$C$7=TRUE,Albums!$F4<R$3,Albums!$E4<R$3) -> FALSE | S5: =IF('Summary Statistics'!$C$7=TRUE,Albums!$F4<S$3,Albums!$E4<S$3) -> FALSE | T5: =IF('Summary Statistics'!$C$7=TRUE,Albums!$F4<T$3,Albums!$E4<T$3) -> FALSE | ... V5: =IF('Summary Statistics'!$C$7=TRUE,Albums!$F4<V$3,Albums!$E4<V$3) -> FALSE | X5: =1+X4 -> 1902 | Y5: =COUNTIF('Cleaned Data'!$K$4:$K$5004,X5) -> 0 | Z5: =SUMIF('Cleaned Data'!$K$4:'Cleaned Data'!$K$5004,Calculations!X5,'Cleaned Data'!$J$4:$J$5004) -> 0 | AA5: =SUMIF('Cleaned Data'!$K$4:'Cleaned Data'!$K$5004,Calculations!X5,'Cleaned Data'!$H$4:$H$5004) -> 0 | AC5: 1910 | AD5: 1920 | AE5: 1910s | AF5: =SUM(AM3:AM153) -> 0 | AG5: =SUM(AN3:AN153) -> 0 | AH5: =SUM(AO3:AO153) -> 0 | AJ5: =IF(AND($AC$4<=$X5,$X5<$AD$4),Y5,0) -> 0 | AK5: =IF(AND($AC$4<=$X5,$X5<$AD$4),Z5,0) -> 0 | AL5: =IF(AND($AC$4<=$X5,$X5<$AD$4),AA5,0) -> 0 | AM5: =IF(AND($AC$5<=$X5,$X5<$AD$5),Y5,0) -> 0 | AN5: =IF(AND($AC$5<=$X5,$X5<$AD$5),Z5,0) -> 0 | AO5: =IF(AND($AC$5<=$X5,$X5<$AD$5),AA5,0) -> 0 | AP5: =IF(AND($AC$6<=$X5,$X5<$AD$6),Y5,0) -> 0 | AQ5: =IF(AND($AC$6<=$X5,$X5<$AD$6),Z5,0) -> 0 | AR5: =IF(AND($AC$6<=$X5,$X5<$AD$6),AA5,0) -> 0 | AS5: =IF(AND($AC$7<=$X5,$X5<$AD$7),Y5,0) -> 0 | AT5: =IF(AND($AC$7<=$X5,$X5<$AD$7),Z5,0) -> 0 | AU5: =IF(AND($AC$7<=$X5,$X5<$AD$7),AA5,0) -> 0 | AV5: =IF(AND($AC$8<=$X5,$X5<$AD$8),Y5,0) -> 0 | AW5: =IF(AND($AC$8<=$X5,$X5<$AD$8),Z5,0) -> 0 | AX5: =IF(AND($AC$8<=$X5,$X5<$AD$8),AA5,0) -> 0 | AY5: =IF(AND($AC$9<=$X5,$X5<$AD$9),Y5,0) -> 0 | AZ5: =IF(AND($AC$9<=$X5,$X5<$AD$9),Z5,0) -> 0 | BA5: =IF(AND($AC$9<=$X5,$X5<$AD$9),AA5,0) -> 0 | BB5: =IF(AND($AC$10<=$X5,$X5<$AD$10),Y5,0) -> 0 | BC5: =IF(AND($AC$10<=$X5,$X5<$AD$10),Z5,0) -> 0 | BD5: =IF(AND($AC$10<=$X5,$X5<$AD$10),AA5,0) -> 0 | BE5: =IF(AND($AC$11<=$X5,$X5<$AD$11),Y5,0) -> 0 | BF5: =IF(AND($AC$11<=$X5,$X5<$AD$11),Z5,0) -> 0 | BG5: =IF(AND($AC$11<=$X5,$X5<$AD$11),AA5,0) -> 0 | BH5: =IF(AND($AC$12<=$X5,$X5<$AD$12),Y5,0) -> 0 | BI5: =IF(AND($AC$12<=$X5,$X5<$AD$12),Z5,0) -> 0 | BJ5: =IF(AND($AC$12<=$X5,$X5<$AD$12),AA5,0) -> 0 | BK5: =IF(AND($AC$13<=$X5,$X5<$AD$13),Y5,0) -> 0 | BL5: =IF(AND($AC$13<=$X5,$X5<$AD$13),Z5,0) -> 0 | BM5: =IF(AND($AC$13<=$X5,$X5<$AD$13),AA5,0) -> 0 | BN5: =IF(AND($AC$14<=$X5,$X5<$AD$14),Y5,0) -> 0 | BO5: =IF(AND($AC$14<=$X5,$X5<$AD$14),Z5,0) -> 0 | BP5: =IF(AND($AC$14<=$X5,$X5<$AD$14),AA5,0) -> 0 | BQ5: =IF(AND($AC$15<=$X5,$X5<$AD$15),Y5,0) -> 0 | BR5: =IF(AND($AC$15<=$X5,$X5<$AD$15),Z5,0) -> 0 | BS5: =IF(AND($AC$15<=$X5,$X5<$AD$15),AA5,0) -> 0 | BT5: =IF(AND($AC$16<=$X5,$X5<$AD$16),Y5,0) -> 0 | BU5: =IF(AND($AC$16<=$X5,$X5<$AD$16),Z5,0) -> 0 | BV5: =IF(AND($AC$16<=$X5,$X5<$AD$16),AA5,0) -> 0 | BW5: =IF(AND($AC$17<=$X5,$X5<$AD$17),Y5,0) -> 0 | BX5: =IF(AND($AC$17<=$X5,$X5<$AD$17),Z5,0) -> 0 | BY5: =IF(AND($AC$17<=$X5,$X5<$AD$17),AA5,0) -> 0 | BZ5: =IF(AND($AC$18<=$X5,$X5<$AD$18),Y5,0) -> 0 | CA5: =IF(AND($AC$18<=$X5,$X5<$AD$18),Z5,0) -> 0 | CB5: =IF(AND($AC$18<=$X5,$X5<$AD$18),AA5,0) -> 0
B6: =IF('Summary Statistics'!$C$6=TRUE,Artists!$F5<B$3,Artists!$E5<B$3) -> FALSE | C6: =IF('Summary Statistics'!$C$6=TRUE,Artists!$F5<C$3,Artists!$E5<C$3) -> FALSE | D6: =IF('Summary Statistics'!$C$6=TRUE,Artists!$F5<D$3,Artists!$E5<D$3) -> FALSE | E6: =IF('Summary Statistics'!$C$6=TRUE,Artists!$F5<E$3,Artists!$E5<E$3) -> FALSE | F6: =IF('Summary Statistics'!$C$6=TRUE,Artists!$F5<F$3,Artists!$E5<F$3) -> FALSE | G6: =IF('Summary Statistics'!$C$6=TRUE,Artists!$F5<G$3,Artists!$E5<G$3) -> FALSE | H6: =IF('Summary Statistics'!$C$6=TRUE,Artists!$F5<H$3,Artists!$E5<H$3) -> FALSE | I6: =IF('Summary Statistics'!$C$6=TRUE,Artists!$F5<I$3,Artists!$E5<I$3) -> FALSE | ... K6: =IF('Summary Statistics'!$C$6=TRUE,Artists!$F5<K$3,Artists!$E5<K$3) -> FALSE | M6: =IF('Summary Statistics'!$C$7=TRUE,Albums!$F5<M$3,Albums!$E5<M$3) -> FALSE | N6: =IF('Summary Statistics'!$C$7=TRUE,Albums!$F5<N$3,Albums!$E5<N$3) -> FALSE | O6: =IF('Summary Statistics'!$C$7=TRUE,Albums!$F5<O$3,Albums!$E5<O$3) -> FALSE | P6: =IF('Summary Statistics'!$C$7=TRUE,Albums!$F5<P$3,Albums!$E5<P$3) -> FALSE | Q6: =IF('Summary Statistics'!$C$7=TRUE,Albums!$F5<Q$3,Albums!$E5<Q$3) -> FALSE | R6: =IF('Summary Statistics'!$C$7=TRUE,Albums!$F5<R$3,Albums!$E5<R$3) -> FALSE | S6: =IF('Summary Statistics'!$C$7=TRUE,Albums!$F5<S$3,Albums!$E5<S$3) -> FALSE | T6: =IF('Summary Statistics'!$C$7=TRUE,Albums!$F5<T$3,Albums!$E5<T$3) -> FALSE | ... V6: =IF('Summary Statistics'!$C$7=TRUE,Albums!$F5<V$3,Albums!$E5<V$3) -> FALSE | X6: =1+X5 -> 1903 | Y6: =COUNTIF('Cleaned Data'!$K$4:$K$5004,X6) -> 0 | Z6: =SUMIF('Cleaned Data'!$K$4:'Cleaned Data'!$K$5004,Calculations!X6,'Cleaned Data'!$J$4:$J$5004) -> 0 | AA6: =SUMIF('Cleaned Data'!$K$4:'Cleaned Data'!$K$5004,Calculations!X6,'Cleaned Data'!$H$4:$H$5004) -> 0 | AC6: 1920 | AD6: 1930 | AE6: 1920s | AF6: =SUM(AP3:AP153) -> 0 | AG6: =SUM(AQ3:AQ153) -> 0 | AH6: =SUM(AR3:AR153) -> 0 | AJ6: =IF(AND($AC$4<=$X6,$X6<$AD$4),Y6,0) -> 0 | AK6: =IF(AND($AC$4<=$X6,$X6<$AD$4),Z6,0) -> 0 | AL6: =IF(AND($AC$4<=$X6,$X6<$AD$4),AA6,0) -> 0 | AM6: =IF(AND($AC$5<=$X6,$X6<$AD$5),Y6,0) -> 0 | AN6: =IF(AND($AC$5<=$X6,$X6<$AD$5),Z6,0) -> 0 | AO6: =IF(AND($AC$5<=$X6,$X6<$AD$5),AA6,0) -> 0 | AP6: =IF(AND($AC$6<=$X6,$X6<$AD$6),Y6,0) -> 0 | AQ6: =IF(AND($AC$6<=$X6,$X6<$AD$6),Z6,0) -> 0 | AR6: =IF(AND($AC$6<=$X6,$X6<$AD$6),AA6,0) -> 0 | AS6: =IF(AND($AC$7<=$X6,$X6<$AD$7),Y6,0) -> 0 | AT6: =IF(AND($AC$7<=$X6,$X6<$AD$7),Z6,0) -> 0 | AU6: =IF(AND($AC$7<=$X6,$X6<$AD$7),AA6,0) -> 0 | AV6: =IF(AND($AC$8<=$X6,$X6<$AD$8),Y6,0) -> 0 | AW6: =IF(AND($AC$8<=$X6,$X6<$AD$8),Z6,0) -> 0 | AX6: =IF(AND($AC$8<=$X6,$X6<$AD$8),AA6,0) -> 0 | AY6: =IF(AND($AC$9<=$X6,$X6<$AD$9),Y6,0) -> 0 | AZ6: =IF(AND($AC$9<=$X6,$X6<$AD$9),Z6,0) -> 0 | BA6: =IF(AND($AC$9<=$X6,$X6<$AD$9),AA6,0) -> 0 | BB6: =IF(AND($AC$10<=$X6,$X6<$AD$10),Y6,0) -> 0 | BC6: =IF(AND($AC$10<=$X6,$X6<$AD$10),Z6,0) -> 0 | BD6: =IF(AND($AC$10<=$X6,$X6<$AD$10),AA6,0) -> 0 | BE6: =IF(AND($AC$11<=$X6,$X6<$AD$11),Y6,0) -> 0 | BF6: =IF(AND($AC$11<=$X6,$X6<$AD$11),Z6,0) -> 0 | BG6: =IF(AND($AC$11<=$X6,$X6<$AD$11),AA6,0) -> 0 | BH6: =IF(AND($AC$12<=$X6,$X6<$AD$12),Y6,0) -> 0 | BI6: =IF(AND($AC$12<=$X6,$X6<$AD$12),Z6,0) -> 0 | BJ6: =IF(AND($AC$12<=$X6,$X6<$AD$12),AA6,0) -> 0 | BK6: =IF(AND($AC$13<=$X6,$X6<$AD$13),Y6,0) -> 0 | BL6: =IF(AND($AC$13<=$X6,$X6<$AD$13),Z6,0) -> 0 | BM6: =IF(AND($AC$13<=$X6,$X6<$AD$13),AA6,0) -> 0 | BN6: =IF(AND($AC$14<=$X6,$X6<$AD$14),Y6,0) -> 0 | BO6: =IF(AND($AC$14<=$X6,$X6<$AD$14),Z6,0) -> 0 | BP6: =IF(AND($AC$14<=$X6,$X6<$AD$14),AA6,0) -> 0 | BQ6: =IF(AND($AC$15<=$X6,$X6<$AD$15),Y6,0) -> 0 | BR6: =IF(AND($AC$15<=$X6,$X6<$AD$15),Z6,0) -> 0 | BS6: =IF(AND($AC$15<=$X6,$X6<$AD$15),AA6,0) -> 0 | BT6: =IF(AND($AC$16<=$X6,$X6<$AD$16),Y6,0) -> 0 | BU6: =IF(AND($AC$16<=$X6,$X6<$AD$16),Z6,0) -> 0 | BV6: =IF(AND($AC$16<=$X6,$X6<$AD$16),AA6,0) -> 0 | BW6: =IF(AND($AC$17<=$X6,$X6<$AD$17),Y6,0) -> 0 | BX6: =IF(AND($AC$17<=$X6,$X6<$AD$17),Z6,0) -> 0 | BY6: =IF(AND($AC$17<=$X6,$X6<$AD$17),AA6,0) -> 0 | BZ6: =IF(AND($AC$18<=$X6,$X6<$AD$18),Y6,0) -> 0 | CA6: =IF(AND($AC$18<=$X6,$X6<$AD$18),Z6,0) -> 0 | CB6: =IF(AND($AC$18<=$X6,$X6<$AD$18),AA6,0) -> 0
B7: =IF('Summary Statistics'!$C$6=TRUE,Artists!$F6<B$3,Artists!$E6<B$3) -> FALSE | C7: =IF('Summary Statistics'!$C$6=TRUE,Artists!$F6<C$3,Artists!$E6<C$3) -> FALSE | D7: =IF('Summary Statistics'!$C$6=TRUE,Artists!$F6<D$3,Artists!$E6<D$3) -> FALSE | E7: =IF('Summary Statistics'!$C$6=TRUE,Artists!$F6<E$3,Artists!$E6<E$3) -> FALSE | F7: =IF('Summary Statistics'!$C$6=TRUE,Artists!$F6<F$3,Artists!$E6<F$3) -> FALSE | G7: =IF('Summary Statistics'!$C$6=TRUE,Artists!$F6<G$3,Artists!$E6<G$3) -> FALSE | H7: =IF('Summary Statistics'!$C$6=TRUE,Artists!$F6<H$3,Artists!$E6<H$3) -> FALSE | I7: =IF('Summary Statistics'!$C$6=TRUE,Artists!$F6<I$3,Artists!$E6<I$3) -> FALSE | ... K7: =IF('Summary Statistics'!$C$6=TRUE,Artists!$F6<K$3,Artists!$E6<K$3) -> FALSE | M7: =IF('Summary Statistics'!$C$7=TRUE,Albums!$F6<M$3,Albums!$E6<M$3) -> FALSE | N7: =IF('Summary Statistics'!$C$7=TRUE,Albums!$F6<N$3,Albums!$E6<N$3) -> FALSE | O7: =IF('Summary Statistics'!$C$7=TRUE,Albums!$F6<O$3,Albums!$E6<O$3) -> FALSE | P7: =IF('Summary Statistics'!$C$7=TRUE,Albums!$F6<P$3,Albums!$E6<P$3) -> FALSE | Q7: =IF('Summary Statistics'!$C$7=TRUE,Albums!$F6<Q$3,Albums!$E6<Q$3) -> FALSE | R7: =IF('Summary Statistics'!$C$7=TRUE,Albums!$F6<R$3,Albums!$E6<R$3) -> FALSE | S7: =IF('Summary Statistics'!$C$7=TRUE,Albums!$F6<S$3,Albums!$E6<S$3) -> FALSE | T7: =IF('Summary Statistics'!$C$7=TRUE,Albums!$F6<T$3,Albums!$E6<T$3) -> FALSE | ... V7: =IF('Summary Statistics'!$C$7=TRUE,Albums!$F6<V$3,Albums!$E6<V$3) -> FALSE | X7: =1+X6 -> 1904 | Y7: =COUNTIF('Cleaned Data'!$K$4:$K$5004,X7) -> 0 | Z7: =SUMIF('Cleaned Data'!$K$4:'Cleaned Data'!$K$5004,Calculations!X7,'Cleaned Data'!$J$4:$J$5004) -> 0 | AA7: =SUMIF('Cleaned Data'!$K$4:'Cleaned Data'!$K$5004,Calculations!X7,'Cleaned Data'!$H$4:$H$5004) -> 0 | AC7: 1930 | AD7: 1940 | AE7: 1930s | AF7: =SUM(AS3:AS153) -> 0 | AG7: =SUM(AT3:AT153) -> 0 | AH7: =SUM(AU3:AU153) -> 0 | AJ7: =IF(AND($AC$4<=$X7,$X7<$AD$4),Y7,0) -> 0 | AK7: =IF(AND($AC$4<=$X7,$X7<$AD$4),Z7,0) -> 0 | AL7: =IF(AND($AC$4<=$X7,$X7<$AD$4),AA7,0) -> 0 | AM7: =IF(AND($AC$5<=$X7,$X7<$AD$5),Y7,0) -> 0 | AN7: =IF(AND($AC$5<=$X7,$X7<$AD$5),Z7,0) -> 0 | AO7: =IF(AND($AC$5<=$X7,$X7<$AD$5),AA7,0) -> 0 | AP7: =IF(AND($AC$6<=$X7,$X7<$AD$6),Y7,0) -> 0 | AQ7: =IF(AND($AC$6<=$X7,$X7<$AD$6),Z7,0) -> 0 | AR7: =IF(AND($AC$6<=$X7,$X7<$AD$6),AA7,0) -> 0 | AS7: =IF(AND($AC$7<=$X7,$X7<$AD$7),Y7,0) -> 0 | AT7: =IF(AND($AC$7<=$X7,$X7<$AD$7),Z7,0) -> 0 | AU7: =IF(AND($AC$7<=$X7,$X7<$AD$7),AA7,0) -> 0 | AV7: =IF(AND($AC$8<=$X7,$X7<$AD$8),Y7,0) -> 0 | AW7: =IF(AND($AC$8<=$X7,$X7<$AD$8),Z7,0) -> 0 | AX7: =IF(AND($AC$8<=$X7,$X7<$AD$8),AA7,0) -> 0 | AY7: =IF(AND($AC$9<=$X7,$X7<$AD$9),Y7,0) -> 0 | AZ7: =IF(AND($AC$9<=$X7,$X7<$AD$9),Z7,0) -> 0 | BA7: =IF(AND($AC$9<=$X7,$X7<$AD$9),AA7,0) -> 0 | BB7: =IF(AND($AC$10<=$X7,$X7<$AD$10),Y7,0) -> 0 | BC7: =IF(AND($AC$10<=$X7,$X7<$AD$10),Z7,0) -> 0 | BD7: =IF(AND($AC$10<=$X7,$X7<$AD$10),AA7,0) -> 0 | BE7: =IF(AND($AC$11<=$X7,$X7<$AD$11),Y7,0) -> 0 | BF7: =IF(AND($AC$11<=$X7,$X7<$AD$11),Z7,0) -> 0 | BG7: =IF(AND($AC$11<=$X7,$X7<$AD$11),AA7,0) -> 0 | BH7: =IF(AND($AC$12<=$X7,$X7<$AD$12),Y7,0) -> 0 | BI7: =IF(AND($AC$12<=$X7,$X7<$AD$12),Z7,0) -> 0 | BJ7: =IF(AND($AC$12<=$X7,$X7<$AD$12),AA7,0) -> 0 | BK7: =IF(AND($AC$13<=$X7,$X7<$AD$13),Y7,0) -> 0 | BL7: =IF(AND($AC$13<=$X7,$X7<$AD$13),Z7,0) -> 0 | BM7: =IF(AND($AC$13<=$X7,$X7<$AD$13),AA7,0) -> 0 | BN7: =IF(AND($AC$14<=$X7,$X7<$AD$14),Y7,0) -> 0 | BO7: =IF(AND($AC$14<=$X7,$X7<$AD$14),Z7,0) -> 0 | BP7: =IF(AND($AC$14<=$X7,$X7<$AD$14),AA7,0) -> 0 | BQ7: =IF(AND($AC$15<=$X7,$X7<$AD$15),Y7,0) -> 0 | BR7: =IF(AND($AC$15<=$X7,$X7<$AD$15),Z7,0) -> 0 | BS7: =IF(AND($AC$15<=$X7,$X7<$AD$15),AA7,0) -> 0 | BT7: =IF(AND($AC$16<=$X7,$X7<$AD$16),Y7,0) -> 0 | BU7: =IF(AND($AC$16<=$X7,$X7<$AD$16),Z7,0) -> 0 | BV7: =IF(AND($AC$16<=$X7,$X7<$AD$16),AA7,0) -> 0 | BW7: =IF(AND($AC$17<=$X7,$X7<$AD$17),Y7,0) -> 0 | BX7: =IF(AND($AC$17<=$X7,$X7<$AD$17),Z7,0) -> 0 | BY7: =IF(AND($AC$17<=$X7,$X7<$AD$17),AA7,0) -> 0 | BZ7: =IF(AND($AC$18<=$X7,$X7<$AD$18),Y7,0) -> 0 | CA7: =IF(AND($AC$18<=$X7,$X7<$AD$18),Z7,0) -> 0 | CB7: =IF(AND($AC$18<=$X7,$X7<$AD$18),AA7,0) -> 0
B8: =IF('Summary Statistics'!$C$6=TRUE,Artists!$F7<B$3,Artists!$E7<B$3) -> FALSE | C8: =IF('Summary Statistics'!$C$6=TRUE,Artists!$F7<C$3,Artists!$E7<C$3) -> FALSE | D8: =IF('Summary Statistics'!$C$6=TRUE,Artists!$F7<D$3,Artists!$E7<D$3) -> FALSE | E8: =IF('Summary Statistics'!$C$6=TRUE,Artists!$F7<E$3,Artists!$E7<E$3) -> FALSE | F8: =IF('Summary Statistics'!$C$6=TRUE,Artists!$F7<F$3,Artists!$E7<F$3) -> FALSE | G8: =IF('Summary Statistics'!$C$6=TRUE,Artists!$F7<G$3,Artists!$E7<G$3) -> FALSE | H8: =IF('Summary Statistics'!$C$6=TRUE,Artists!$F7<H$3,Artists!$E7<H$3) -> FALSE | I8: =IF('Summary Statistics'!$C$6=TRUE,Artists!$F7<I$3,Artists!$E7<I$3) -> FALSE | ... K8: =IF('Summary Statistics'!$C$6=TRUE,Artists!$F7<K$3,Artists!$E7<K$3) -> FALSE | M8: =IF('Summary Statistics'!$C$7=TRUE,Albums!$F7<M$3,Albums!$E7<M$3) -> FALSE | N8: =IF('Summary Statistics'!$C$7=TRUE,Albums!$F7<N$3,Albums!$E7<N$3) -> FALSE | O8: =IF('Summary Statistics'!$C$7=TRUE,Albums!$F7<O$3,Albums!$E7<O$3) -> FALSE | P8: =IF('Summary Statistics'!$C$7=TRUE,Albums!$F7<P$3,Albums!$E7<P$3) -> FALSE | Q8: =IF('Summary Statistics'!$C$7=TRUE,Albums!$F7<Q$3,Albums!$E7<Q$3) -> FALSE | R8: =IF('Summary Statistics'!$C$7=TRUE,Albums!$F7<R$3,Albums!$E7<R$3) -> FALSE | S8: =IF('Summary Statistics'!$C$7=TRUE,Albums!$F7<S$3,Albums!$E7<S$3) -> FALSE | T8: =IF('Summary Statistics'!$C$7=TRUE,Albums!$F7<T$3,Albums!$E7<T$3) -> FALSE | ... V8: =IF('Summary Statistics'!$C$7=TRUE,Albums!$F7<V$3,Albums!$E7<V$3) -> FALSE | X8: =1+X7 -> 1905 | Y8: =COUNTIF('Cleaned Data'!$K$4:$K$5004,X8) -> 0 | Z8: =SUMIF('Cleaned Data'!$K$4:'Cleaned Data'!$K$5004,Calculations!X8,'Cleaned Data'!$J$4:$J$5004) -> 0 | AA8: =SUMIF('Cleaned Data'!$K$4:'Cleaned Data'!$K$5004,Calculations!X8,'Cleaned Data'!$H$4:$H$5004) -> 0 | AC8: 1940 | AD8: 1950 | AE8: 1940s | AF8: =SUM(AV3:AV153) -> 0 | AG8: =SUM(AW3:AW153) -> 0 | AH8: =SUM(AX3:AX153) -> 0 | AJ8: =IF(AND($AC$4<=$X8,$X8<$AD$4),Y8,0) -> 0 | AK8: =IF(AND($AC$4<=$X8,$X8<$AD$4),Z8,0) -> 0 | AL8: =IF(AND($AC$4<=$X8,$X8<$AD$4),AA8,0) -> 0 | AM8: =IF(AND($AC$5<=$X8,$X8<$AD$5),Y8,0) -> 0 | AN8: =IF(AND($AC$5<=$X8,$X8<$AD$5),Z8,0) -> 0 | AO8: =IF(AND($AC$5<=$X8,$X8<$AD$5),AA8,0) -> 0 | AP8: =IF(AND($AC$6<=$X8,$X8<$AD$6),Y8,0) -> 0 | AQ8: =IF(AND($AC$6<=$X8,$X8<$AD$6),Z8,0) -> 0 | AR8: =IF(AND($AC$6<=$X8,$X8<$AD$6),AA8,0) -> 0 | AS8: =IF(AND($AC$7<=$X8,$X8<$AD$7),Y8,0) -> 0 | AT8: =IF(AND($AC$7<=$X8,$X8<$AD$7),Z8,0) -> 0 | AU8: =IF(AND($AC$7<=$X8,$X8<$AD$7),AA8,0) -> 0 | AV8: =IF(AND($AC$8<=$X8,$X8<$AD$8),Y8,0) -> 0 | AW8: =IF(AND($AC$8<=$X8,$X8<$AD$8),Z8,0) -> 0 | AX8: =IF(AND($AC$8<=$X8,$X8<$AD$8),AA8,0) -> 0 | AY8: =IF(AND($AC$9<=$X8,$X8<$AD$9),Y8,0) -> 0 | AZ8: =IF(AND($AC$9<=$X8,$X8<$AD$9),Z8,0) -> 0 | BA8: =IF(AND($AC$9<=$X8,$X8<$AD$9),AA8,0) -> 0 | BB8: =IF(AND($AC$10<=$X8,$X8<$AD$10),Y8,0) -> 0 | BC8: =IF(AND($AC$10<=$X8,$X8<$AD$10),Z8,0) -> 0 | BD8: =IF(AND($AC$10<=$X8,$X8<$AD$10),AA8,0) -> 0 | BE8: =IF(AND($AC$11<=$X8,$X8<$AD$11),Y8,0) -> 0 | BF8: =IF(AND($AC$11<=$X8,$X8<$AD$11),Z8,0) -> 0 | BG8: =IF(AND($AC$11<=$X8,$X8<$AD$11),AA8,0) -> 0 | BH8: =IF(AND($AC$12<=$X8,$X8<$AD$12),Y8,0) -> 0 | BI8: =IF(AND($AC$12<=$X8,$X8<$AD$12),Z8,0) -> 0 | BJ8: =IF(AND($AC$12<=$X8,$X8<$AD$12),AA8,0) -> 0 | BK8: =IF(AND($AC$13<=$X8,$X8<$AD$13),Y8,0) -> 0 | BL8: =IF(AND($AC$13<=$X8,$X8<$AD$13),Z8,0) -> 0 | BM8: =IF(AND($AC$13<=$X8,$X8<$AD$13),AA8,0) -> 0 | BN8: =IF(AND($AC$14<=$X8,$X8<$AD$14),Y8,0) -> 0 | BO8: =IF(AND($AC$14<=$X8,$X8<$AD$14),Z8,0) -> 0 | BP8: =IF(AND($AC$14<=$X8,$X8<$AD$14),AA8,0) -> 0 | BQ8: =IF(AND($AC$15<=$X8,$X8<$AD$15),Y8,0) -> 0 | BR8: =IF(AND($AC$15<=$X8,$X8<$AD$15),Z8,0) -> 0 | BS8: =IF(AND($AC$15<=$X8,$X8<$AD$15),AA8,0) -> 0 | BT8: =IF(AND($AC$16<=$X8,$X8<$AD$16),Y8,0) -> 0 | BU8: =IF(AND($AC$16<=$X8,$X8<$AD$16),Z8,0) -> 0 | BV8: =IF(AND($AC$16<=$X8,$X8<$AD$16),AA8,0) -> 0 | BW8: =IF(AND($AC$17<=$X8,$X8<$AD$17),Y8,0) -> 0 | BX8: =IF(AND($AC$17<=$X8,$X8<$AD$17),Z8,0) -> 0 | BY8: =IF(AND($AC$17<=$X8,$X8<$AD$17),AA8,0) -> 0 | BZ8: =IF(AND($AC$18<=$X8,$X8<$AD$18),Y8,0) -> 0 | CA8: =IF(AND($AC$18<=$X8,$X8<$AD$18),Z8,0) -> 0 | CB8: =IF(AND($AC$18<=$X8,$X8<$AD$18),AA8,0) -> 0
B9: =IF('Summary Statistics'!$C$6=TRUE,Artists!$F8<B$3,Artists!$E8<B$3) -> FALSE | C9: =IF('Summary Statistics'!$C$6=TRUE,Artists!$F8<C$3,Artists!$E8<C$3) -> FALSE | D9: =IF('Summary Statistics'!$C$6=TRUE,Artists!$F8<D$3,Artists!$E8<D$3) -> FALSE | E9: =IF('Summary Statistics'!$C$6=TRUE,Artists!$F8<E$3,Artists!$E8<E$3) -> FALSE | F9: =IF('Summary Statistics'!$C$6=TRUE,Artists!$F8<F$3,Artists!$E8<F$3) -> FALSE | G9: =IF('Summary Statistics'!$C$6=TRUE,Artists!$F8<G$3,Artists!$E8<G$3) -> FALSE | H9: =IF('Summary Statistics'!$C$6=TRUE,Artists!$F8<H$3,Artists!$E8<H$3) -> FALSE | I9: =IF('Summary Statistics'!$C$6=TRUE,Artists!$F8<I$3,Artists!$E8<I$3) -> FALSE | ... K9: =IF('Summary Statistics'!$C$6=TRUE,Artists!$F8<K$3,Artists!$E8<K$3) -> FALSE | M9: =IF('Summary Statistics'!$C$7=TRUE,Albums!$F8<M$3,Albums!$E8<M$3) -> FALSE | N9: =IF('Summary Statistics'!$C$7=TRUE,Albums!$F8<N$3,Albums!$E8<N$3) -> FALSE | O9: =IF('Summary Statistics'!$C$7=TRUE,Albums!$F8<O$3,Albums!$E8<O$3) -> FALSE | P9: =IF('Summary Statistics'!$C$7=TRUE,Albums!$F8<P$3,Albums!$E8<P$3) -> FALSE | Q9: =IF('Summary Statistics'!$C$7=TRUE,Albums!$F8<Q$3,Albums!$E8<Q$3) -> FALSE | R9: =IF('Summary Statistics'!$C$7=TRUE,Albums!$F8<R$3,Albums!$E8<R$3) -> FALSE | S9: =IF('Summary Statistics'!$C$7=TRUE,Albums!$F8<S$3,Albums!$E8<S$3) -> FALSE | T9: =IF('Summary Statistics'!$C$7=TRUE,Albums!$F8<T$3,Albums!$E8<T$3) -> FALSE | ... V9: =IF('Summary Statistics'!$C$7=TRUE,Albums!$F8<V$3,Albums!$E8<V$3) -> FALSE | X9: =1+X8 -> 1906 | Y9: =COUNTIF('Cleaned Data'!$K$4:$K$5004,X9) -> 0 | Z9: =SUMIF('Cleaned Data'!$K$4:'Cleaned Data'!$K$5004,Calculations!X9,'Cleaned Data'!$J$4:$J$5004) -> 0 | AA9: =SUMIF('Cleaned Data'!$K$4:'Cleaned Data'!$K$5004,Calculations!X9,'Cleaned Data'!$H$4:$H$5004) -> 0 | AC9: 1950 | AD9: 1960 | AE9: 1950s | AF9: =SUM(AY3:AY153) -> 0 | AG9: =SUM(AZ3:AZ153) -> 0 | AH9: =SUM(BA3:BA153) -> 0 | AJ9: =IF(AND($AC$4<=$X9,$X9<$AD$4),Y9,0) -> 0 | AK9: =IF(AND($AC$4<=$X9,$X9<$AD$4),Z9,0) -> 0 | AL9: =IF(AND($AC$4<=$X9,$X9<$AD$4),AA9,0) -> 0 | AM9: =IF(AND($AC$5<=$X9,$X9<$AD$5),Y9,0) -> 0 | AN9: =IF(AND($AC$5<=$X9,$X9<$AD$5),Z9,0) -> 0 | AO9: =IF(AND($AC$5<=$X9,$X9<$AD$5),AA9,0) -> 0 | AP9: =IF(AND($AC$6<=$X9,$X9<$AD$6),Y9,0) -> 0 | AQ9: =IF(AND($AC$6<=$X9,$X9<$AD$6),Z9,0) -> 0 | AR9: =IF(AND($AC$6<=$X9,$X9<$AD$6),AA9,0) -> 0 | AS9: =IF(AND($AC$7<=$X9,$X9<$AD$7),Y9,0) -> 0 | AT9: =IF(AND($AC$7<=$X9,$X9<$AD$7),Z9,0) -> 0 | AU9: =IF(AND($AC$7<=$X9,$X9<$AD$7),AA9,0) -> 0 | AV9: =IF(AND($AC$8<=$X9,$X9<$AD$8),Y9,0) -> 0 | AW9: =IF(AND($AC$8<=$X9,$X9<$AD$8),Z9,0) -> 0 | AX9: =IF(AND($AC$8<=$X9,$X9<$AD$8),AA9,0) -> 0 | AY9: =IF(AND($AC$9<=$X9,$X9<$AD$9),Y9,0) -> 0 | AZ9: =IF(AND($AC$9<=$X9,$X9<$AD$9),Z9,0) -> 0 | BA9: =IF(AND($AC$9<=$X9,$X9<$AD$9),AA9,0) -> 0 | BB9: =IF(AND($AC$10<=$X9,$X9<$AD$10),Y9,0) -> 0 | BC9: =IF(AND($AC$10<=$X9,$X9<$AD$10),Z9,0) -> 0 | BD9: =IF(AND($AC$10<=$X9,$X9<$AD$10),AA9,0) -> 0 | BE9: =IF(AND($AC$11<=$X9,$X9<$AD$11),Y9,0) -> 0 | BF9: =IF(AND($AC$11<=$X9,$X9<$AD$11),Z9,0) -> 0 | BG9: =IF(AND($AC$11<=$X9,$X9<$AD$11),AA9,0) -> 0 | BH9: =IF(AND($AC$12<=$X9,$X9<$AD$12),Y9,0) -> 0 | BI9: =IF(AND($AC$12<=$X9,$X9<$AD$12),Z9,0) -> 0 | BJ9: =IF(AND($AC$12<=$X9,$X9<$AD$12),AA9,0) -> 0 | BK9: =IF(AND($AC$13<=$X9,$X9<$AD$13),Y9,0) -> 0 | BL9: =IF(AND($AC$13<=$X9,$X9<$AD$13),Z9,0) -> 0 | BM9: =IF(AND($AC$13<=$X9,$X9<$AD$13),AA9,0) -> 0 | BN9: =IF(AND($AC$14<=$X9,$X9<$AD$14),Y9,0) -> 0 | BO9: =IF(AND($AC$14<=$X9,$X9<$AD$14),Z9,0) -> 0 | BP9: =IF(AND($AC$14<=$X9,$X9<$AD$14),AA9,0) -> 0 | BQ9: =IF(AND($AC$15<=$X9,$X9<$AD$15),Y9,0) -> 0 | BR9: =IF(AND($AC$15<=$X9,$X9<$AD$15),Z9,0) -> 0 | BS9: =IF(AND($AC$15<=$X9,$X9<$AD$15),AA9,0) -> 0 | BT9: =IF(AND($AC$16<=$X9,$X9<$AD$16),Y9,0) -> 0 | BU9: =IF(AND($AC$16<=$X9,$X9<$AD$16),Z9,0) -> 0 | BV9: =IF(AND($AC$16<=$X9,$X9<$AD$16),AA9,0) -> 0 | BW9: =IF(AND($AC$17<=$X9,$X9<$AD$17),Y9,0) -> 0 | BX9: =IF(AND($AC$17<=$X9,$X9<$AD$17),Z9,0) -> 0 | BY9: =IF(AND($AC$17<=$X9,$X9<$AD$17),AA9,0) -> 0 | BZ9: =IF(AND($AC$18<=$X9,$X9<$AD$18),Y9,0) -> 0 | CA9: =IF(AND($AC$18<=$X9,$X9<$AD$18),Z9,0) -> 0 | CB9: =IF(AND($AC$18<=$X9,$X9<$AD$18),AA9,0) -> 0
B10: =IF('Summary Statistics'!$C$6=TRUE,Artists!$F9<B$3,Artists!$E9<B$3) -> FALSE | C10: =IF('Summary Statistics'!$C$6=TRUE,Artists!$F9<C$3,Artists!$E9<C$3) -> FALSE | D10: =IF('Summary Statistics'!$C$6=TRUE,Artists!$F9<D$3,Artists!$E9<D$3) -> FALSE | E10: =IF('Summary Statistics'!$C$6=TRUE,Artists!$F9<E$3,Artists!$E9<E$3) -> FALSE | F10: =IF('Summary Statistics'!$C$6=TRUE,Artists!$F9<F$3,Artists!$E9<F$3) -> FALSE | G10: =IF('Summary Statistics'!$C$6=TRUE,Artists!$F9<G$3,Artists!$E9<G$3) -> FALSE | H10: =IF('Summary Statistics'!$C$6=TRUE,Artists!$F9<H$3,Artists!$E9<H$3) -> FALSE | I10: =IF('Summary Statistics'!$C$6=TRUE,Artists!$F9<I$3,Artists!$E9<I$3) -> FALSE | ... K10: =IF('Summary Statistics'!$C$6=TRUE,Artists!$F9<K$3,Artists!$E9<K$3) -> FALSE | M10: =IF('Summary Statistics'!$C$7=TRUE,Albums!$F9<M$3,Albums!$E9<M$3) -> FALSE | N10: =IF('Summary Statistics'!$C$7=TRUE,Albums!$F9<N$3,Albums!$E9<N$3) -> FALSE | O10: =IF('Summary Statistics'!$C$7=TRUE,Albums!$F9<O$3,Albums!$E9<O$3) -> FALSE | P10: =IF('Summary Statistics'!$C$7=TRUE,Albums!$F9<P$3,Albums!$E9<P$3) -> FALSE | Q10: =IF('Summary Statistics'!$C$7=TRUE,Albums!$F9<Q$3,Albums!$E9<Q$3) -> FALSE | R10: =IF('Summary Statistics'!$C$7=TRUE,Albums!$F9<R$3,Albums!$E9<R$3) -> FALSE | S10: =IF('Summary Statistics'!$C$7=TRUE,Albums!$F9<S$3,Albums!$E9<S$3) -> FALSE | T10: =IF('Summary Statistics'!$C$7=TRUE,Albums!$F9<T$3,Albums!$E9<T$3) -> FALSE | ... V10: =IF('Summary Statistics'!$C$7=TRUE,Albums!$F9<V$3,Albums!$E9<V$3) -> FALSE | X10: =1+X9 -> 1907 | Y10: =COUNTIF('Cleaned Data'!$K$4:$K$5004,X10) -> 0 | Z10: =SUMIF('Cleaned Data'!$K$4:'Cleaned Data'!$K$5004,Calculations!X10,'Cleaned Data'!$J$4:$J$5004) -> 0 | AA10: =SUMIF('Cleaned Data'!$K$4:'Cleaned Data'!$K$5004,Calculations!X10,'Cleaned Data'!$H$4:$H$5004) -> 0 | AC10: 1960 | AD10: 1970 | AE10: 1960s | AF10: =SUM(BB3:BB153) -> 0 | AG10: =SUM(BC3:BC153) -> 0 | AH10: =SUM(BD3:BD153) -> 0 | AJ10: =IF(AND($AC$4<=$X10,$X10<$AD$4),Y10,0) -> 0 | AK10: =IF(AND($AC$4<=$X10,$X10<$AD$4),Z10,0) -> 0 | AL10: =IF(AND($AC$4<=$X10,$X10<$AD$4),AA10,0) -> 0 | AM10: =IF(AND($AC$5<=$X10,$X10<$AD$5),Y10,0) -> 0 | AN10: =IF(AND($AC$5<=$X10,$X10<$AD$5),Z10,0) -> 0 | AO10: =IF(AND($AC$5<=$X10,$X10<$AD$5),AA10,0) -> 0 | AP10: =IF(AND($AC$6<=$X10,$X10<$AD$6),Y10,0) -> 0 | AQ10: =IF(AND($AC$6<=$X10,$X10<$AD$6),Z10,0) -> 0 | AR10: =IF(AND($AC$6<=$X10,$X10<$AD$6),AA10,0) -> 0 | AS10: =IF(AND($AC$7<=$X10,$X10<$AD$7),Y10,0) -> 0 | AT10: =IF(AND($AC$7<=$X10,$X10<$AD$7),Z10,0) -> 0 | AU10: =IF(AND($AC$7<=$X10,$X10<$AD$7),AA10,0) -> 0 | AV10: =IF(AND($AC$8<=$X10,$X10<$AD$8),Y10,0) -> 0 | AW10: =IF(AND($AC$8<=$X10,$X10<$AD$8),Z10,0) -> 0 | AX10: =IF(AND($AC$8<=$X10,$X10<$AD$8),AA10,0) -> 0 | AY10: =IF(AND($AC$9<=$X10,$X10<$AD$9),Y10,0) -> 0 | AZ10: =IF(AND($AC$9<=$X10,$X10<$AD$9),Z10,0) -> 0 | BA10: =IF(AND($AC$9<=$X10,$X10<$AD$9),AA10,0) -> 0 | BB10: =IF(AND($AC$10<=$X10,$X10<$AD$10),Y10,0) -> 0 | BC10: =IF(AND($AC$10<=$X10,$X10<$AD$10),Z10,0) -> 0 | BD10: =IF(AND($AC$10<=$X10,$X10<$AD$10),AA10,0) -> 0 | BE10: =IF(AND($AC$11<=$X10,$X10<$AD$11),Y10,0) -> 0 | BF10: =IF(AND($AC$11<=$X10,$X10<$AD$11),Z10,0) -> 0 | BG10: =IF(AND($AC$11<=$X10,$X10<$AD$11),AA10,0) -> 0 | BH10: =IF(AND($AC$12<=$X10,$X10<$AD$12),Y10,0) -> 0 | BI10: =IF(AND($AC$12<=$X10,$X10<$AD$12),Z10,0) -> 0 | BJ10: =IF(AND($AC$12<=$X10,$X10<$AD$12),AA10,0) -> 0 | BK10: =IF(AND($AC$13<=$X10,$X10<$AD$13),Y10,0) -> 0 | BL10: =IF(AND($AC$13<=$X10,$X10<$AD$13),Z10,0) -> 0 | BM10: =IF(AND($AC$13<=$X10,$X10<$AD$13),AA10,0) -> 0 | BN10: =IF(AND($AC$14<=$X10,$X10<$AD$14),Y10,0) -> 0 | BO10: =IF(AND($AC$14<=$X10,$X10<$AD$14),Z10,0) -> 0 | BP10: =IF(AND($AC$14<=$X10,$X10<$AD$14),AA10,0) -> 0 | BQ10: =IF(AND($AC$15<=$X10,$X10<$AD$15),Y10,0) -> 0 | BR10: =IF(AND($AC$15<=$X10,$X10<$AD$15),Z10,0) -> 0 | BS10: =IF(AND($AC$15<=$X10,$X10<$AD$15),AA10,0) -> 0 | BT10: =IF(AND($AC$16<=$X10,$X10<$AD$16),Y10,0) -> 0 | BU10: =IF(AND($AC$16<=$X10,$X10<$AD$16),Z10,0) -> 0 | BV10: =IF(AND($AC$16<=$X10,$X10<$AD$16),AA10,0) -> 0 | BW10: =IF(AND($AC$17<=$X10,$X10<$AD$17),Y10,0) -> 0 | BX10: =IF(AND($AC$17<=$X10,$X10<$AD$17),Z10,0) -> 0 | BY10: =IF(AND($AC$17<=$X10,$X10<$AD$17),AA10,0) -> 0 | BZ10: =IF(AND($AC$18<=$X10,$X10<$AD$18),Y10,0) -> 0 | CA10: =IF(AND($AC$18<=$X10,$X10<$AD$18),Z10,0) -> 0 | CB10: =IF(AND($AC$18<=$X10,$X10<$AD$18),AA10,0) -> 0
B11: =IF('Summary Statistics'!$C$6=TRUE,Artists!$F10<B$3,Artists!$E10<B$3) -> FALSE | C11: =IF('Summary Statistics'!$C$6=TRUE,Artists!$F10<C$3,Artists!$E10<C$3) -> FALSE | D11: =IF('Summary Statistics'!$C$6=TRUE,Artists!$F10<D$3,Artists!$E10<D$3) -> FALSE | E11: =IF('Summary Statistics'!$C$6=TRUE,Artists!$F10<E$3,Artists!$E10<E$3) -> FALSE | F11: =IF('Summary Statistics'!$C$6=TRUE,Artists!$F10<F$3,Artists!$E10<F$3) -> FALSE | G11: =IF('Summary Statistics'!$C$6=TRUE,Artists!$F10<G$3,Artists!$E10<G$3) -> FALSE | H11: =IF('Summary Statistics'!$C$6=TRUE,Artists!$F10<H$3,Artists!$E10<H$3) -> FALSE | I11: =IF('Summary Statistics'!$C$6=TRUE,Artists!$F10<I$3,Artists!$E10<I$3) -> FALSE | ... K11: =IF('Summary Statistics'!$C$6=TRUE,Artists!$F10<K$3,Artists!$E10<K$3) -> FALSE | M11: =IF('Summary Statistics'!$C$7=TRUE,Albums!$F10<M$3,Albums!$E10<M$3) -> FALSE | N11: =IF('Summary Statistics'!$C$7=TRUE,Albums!$F10<N$3,Albums!$E10<N$3) -> FALSE | O11: =IF('Summary Statistics'!$C$7=TRUE,Albums!$F10<O$3,Albums!$E10<O$3) -> FALSE | P11: =IF('Summary Statistics'!$C$7=TRUE,Albums!$F10<P$3,Albums!$E10<P$3) -> FALSE | Q11: =IF('Summary Statistics'!$C$7=TRUE,Albums!$F10<Q$3,Albums!$E10<Q$3) -> FALSE | R11: =IF('Summary Statistics'!$C$7=TRUE,Albums!$F10<R$3,Albums!$E10<R$3) -> FALSE | S11: =IF('Summary Statistics'!$C$7=TRUE,Albums!$F10<S$3,Albums!$E10<S$3) -> FALSE | T11: =IF('Summary Statistics'!$C$7=TRUE,Albums!$F10<T$3,Albums!$E10<T$3) -> FALSE | ... V11: =IF('Summary Statistics'!$C$7=TRUE,Albums!$F10<V$3,Albums!$E10<V$3) -> FALSE | X11: =1+X10 -> 1908 | Y11: =COUNTIF('Cleaned Data'!$K$4:$K$5004,X11) -> 0 | Z11: =SUMIF('Cleaned Data'!$K$4:'Cleaned Data'!$K$5004,Calculations!X11,'Cleaned Data'!$J$4:$J$5004) -> 0 | AA11: =SUMIF('Cleaned Data'!$K$4:'Cleaned Data'!$K$5004,Calculations!X11,'Cleaned Data'!$H$4:$H$5004) -> 0 | AC11: 1970 | AD11: 1980 | AE11: 1970s | AF11: =SUM(BE3:BE153) -> 0 | AG11: =SUM(BF3:BF153) -> 0 | AH11: =SUM(BG3:BG153) -> 0 | AJ11: =IF(AND($AC$4<=$X11,$X11<$AD$4),Y11,0) -> 0 | AK11: =IF(AND($AC$4<=$X11,$X11<$AD$4),Z11,0) -> 0 | AL11: =IF(AND($AC$4<=$X11,$X11<$AD$4),AA11,0) -> 0 | AM11: =IF(AND($AC$5<=$X11,$X11<$AD$5),Y11,0) -> 0 | AN11: =IF(AND($AC$5<=$X11,$X11<$AD$5),Z11,0) -> 0 | AO11: =IF(AND($AC$5<=$X11,$X11<$AD$5),AA11,0) -> 0 | AP11: =IF(AND($AC$6<=$X11,$X11<$AD$6),Y11,0) -> 0 | AQ11: =IF(AND($AC$6<=$X11,$X11<$AD$6),Z11,0) -> 0 | AR11: =IF(AND($AC$6<=$X11,$X11<$AD$6),AA11,0) -> 0 | AS11: =IF(AND($AC$7<=$X11,$X11<$AD$7),Y11,0) -> 0 | AT11: =IF(AND($AC$7<=$X11,$X11<$AD$7),Z11,0) -> 0 | AU11: =IF(AND($AC$7<=$X11,$X11<$AD$7),AA11,0) -> 0 | AV11: =IF(AND($AC$8<=$X11,$X11<$AD$8),Y11,0) -> 0 | AW11: =IF(AND($AC$8<=$X11,$X11<$AD$8),Z11,0) -> 0 | AX11: =IF(AND($AC$8<=$X11,$X11<$AD$8),AA11,0) -> 0 | AY11: =IF(AND($AC$9<=$X11,$X11<$AD$9),Y11,0) -> 0 | AZ11: =IF(AND($AC$9<=$X11,$X11<$AD$9),Z11,0) -> 0 | BA11: =IF(AND($AC$9<=$X11,$X11<$AD$9),AA11,0) -> 0 | BB11: =IF(AND($AC$10<=$X11,$X11<$AD$10),Y11,0) -> 0 | BC11: =IF(AND($AC$10<=$X11,$X11<$AD$10),Z11,0) -> 0 | BD11: =IF(AND($AC$10<=$X11,$X11<$AD$10),AA11,0) -> 0 | BE11: =IF(AND($AC$11<=$X11,$X11<$AD$11),Y11,0) -> 0 | BF11: =IF(AND($AC$11<=$X11,$X11<$AD$11),Z11,0) -> 0 | BG11: =IF(AND($AC$11<=$X11,$X11<$AD$11),AA11,0) -> 0 | BH11: =IF(AND($AC$12<=$X11,$X11<$AD$12),Y11,0) -> 0 | BI11: =IF(AND($AC$12<=$X11,$X11<$AD$12),Z11,0) -> 0 | BJ11: =IF(AND($AC$12<=$X11,$X11<$AD$12),AA11,0) -> 0 | BK11: =IF(AND($AC$13<=$X11,$X11<$AD$13),Y11,0) -> 0 | BL11: =IF(AND($AC$13<=$X11,$X11<$AD$13),Z11,0) -> 0 | BM11: =IF(AND($AC$13<=$X11,$X11<$AD$13),AA11,0) -> 0 | BN11: =IF(AND($AC$14<=$X11,$X11<$AD$14),Y11,0) -> 0 | BO11: =IF(AND($AC$14<=$X11,$X11<$AD$14),Z11,0) -> 0 | BP11: =IF(AND($AC$14<=$X11,$X11<$AD$14),AA11,0) -> 0 | BQ11: =IF(AND($AC$15<=$X11,$X11<$AD$15),Y11,0) -> 0 | BR11: =IF(AND($AC$15<=$X11,$X11<$AD$15),Z11,0) -> 0 | BS11: =IF(AND($AC$15<=$X11,$X11<$AD$15),AA11,0) -> 0 | BT11: =IF(AND($AC$16<=$X11,$X11<$AD$16),Y11,0) -> 0 | BU11: =IF(AND($AC$16<=$X11,$X11<$AD$16),Z11,0) -> 0 | BV11: =IF(AND($AC$16<=$X11,$X11<$AD$16),AA11,0) -> 0 | BW11: =IF(AND($AC$17<=$X11,$X11<$AD$17),Y11,0) -> 0 | BX11: =IF(AND($AC$17<=$X11,$X11<$AD$17),Z11,0) -> 0 | BY11: =IF(AND($AC$17<=$X11,$X11<$AD$17),AA11,0) -> 0 | BZ11: =IF(AND($AC$18<=$X11,$X11<$AD$18),Y11,0) -> 0 | CA11: =IF(AND($AC$18<=$X11,$X11<$AD$18),Z11,0) -> 0 | CB11: =IF(AND($AC$18<=$X11,$X11<$AD$18),AA11,0) -> 0
B12: =IF('Summary Statistics'!$C$6=TRUE,Artists!$F11<B$3,Artists!$E11<B$3) -> FALSE | C12: =IF('Summary Statistics'!$C$6=TRUE,Artists!$F11<C$3,Artists!$E11<C$3) -> FALSE | D12: =IF('Summary Statistics'!$C$6=TRUE,Artists!$F11<D$3,Artists!$E11<D$3) -> FALSE | E12: =IF('Summary Statistics'!$C$6=TRUE,Artists!$F11<E$3,Artists!$E11<E$3) -> FALSE | F12: =IF('Summary Statistics'!$C$6=TRUE,Artists!$F11<F$3,Artists!$E11<F$3) -> FALSE | G12: =IF('Summary Statistics'!$C$6=TRUE,Artists!$F11<G$3,Artists!$E11<G$3) -> FALSE | H12: =IF('Summary Statistics'!$C$6=TRUE,Artists!$F11<H$3,Artists!$E11<H$3) -> FALSE | I12: =IF('Summary Statistics'!$C$6=TRUE,Artists!$F11<I$3,Artists!$E11<I$3) -> FALSE | ... K12: =IF('Summary Statistics'!$C$6=TRUE,Artists!$F11<K$3,Artists!$E11<K$3) -> FALSE | M12: =IF('Summary Statistics'!$C$7=TRUE,Albums!$F11<M$3,Albums!$E11<M$3) -> FALSE | N12: =IF('Summary Statistics'!$C$7=TRUE,Albums!$F11<N$3,Albums!$E11<N$3) -> FALSE | O12: =IF('Summary Statistics'!$C$7=TRUE,Albums!$F11<O$3,Albums!$E11<O$3) -> FALSE | P12: =IF('Summary Statistics'!$C$7=TRUE,Albums!$F11<P$3,Albums!$E11<P$3) -> FALSE | Q12: =IF('Summary Statistics'!$C$7=TRUE,Albums!$F11<Q$3,Albums!$E11<Q$3) -> FALSE | R12: =IF('Summary Statistics'!$C$7=TRUE,Albums!$F11<R$3,Albums!$E11<R$3) -> FALSE | S12: =IF('Summary Statistics'!$C$7=TRUE,Albums!$F11<S$3,Albums!$E11<S$3) -> FALSE | T12: =IF('Summary Statistics'!$C$7=TRUE,Albums!$F11<T$3,Albums!$E11<T$3) -> FALSE | ... V12: =IF('Summary Statistics'!$C$7=TRUE,Albums!$F11<V$3,Albums!$E11<V$3) -> FALSE | X12: =1+X11 -> 1909 | Y12: =COUNTIF('Cleaned Data'!$K$4:$K$5004,X12) -> 0 | Z12: =SUMIF('Cleaned Data'!$K$4:'Cleaned Data'!$K$5004,Calculations!X12,'Cleaned Data'!$J$4:$J$5004) -> 0 | AA12: =SUMIF('Cleaned Data'!$K$4:'Cleaned Data'!$K$5004,Calculations!X12,'Cleaned Data'!$H$4:$H$5004) -> 0 | AC12: 1980 | AD12: 1990 | AE12: 1980s | AF12: =SUM(BH3:BH153) -> 0 | AG12: =SUM(BI3:BI153) -> 0 | AH12: =SUM(BJ3:BJ153) -> 0 | AJ12: =IF(AND($AC$4<=$X12,$X12<$AD$4),Y12,0) -> 0 | AK12: =IF(AND($AC$4<=$X12,$X12<$AD$4),Z12,0) -> 0 | AL12: =IF(AND($AC$4<=$X12,$X12<$AD$4),AA12,0) -> 0 | AM12: =IF(AND($AC$5<=$X12,$X12<$AD$5),Y12,0) -> 0 | AN12: =IF(AND($AC$5<=$X12,$X12<$AD$5),Z12,0) -> 0 | AO12: =IF(AND($AC$5<=$X12,$X12<$AD$5),AA12,0) -> 0 | AP12: =IF(AND($AC$6<=$X12,$X12<$AD$6),Y12,0) -> 0 | AQ12: =IF(AND($AC$6<=$X12,$X12<$AD$6),Z12,0) -> 0 | AR12: =IF(AND($AC$6<=$X12,$X12<$AD$6),AA12,0) -> 0 | AS12: =IF(AND($AC$7<=$X12,$X12<$AD$7),Y12,0) -> 0 | AT12: =IF(AND($AC$7<=$X12,$X12<$AD$7),Z12,0) -> 0 | AU12: =IF(AND($AC$7<=$X12,$X12<$AD$7),AA12,0) -> 0 | AV12: =IF(AND($AC$8<=$X12,$X12<$AD$8),Y12,0) -> 0 | AW12: =IF(AND($AC$8<=$X12,$X12<$AD$8),Z12,0) -> 0 | AX12: =IF(AND($AC$8<=$X12,$X12<$AD$8),AA12,0) -> 0 | AY12: =IF(AND($AC$9<=$X12,$X12<$AD$9),Y12,0) -> 0 | AZ12: =IF(AND($AC$9<=$X12,$X12<$AD$9),Z12,0) -> 0 | BA12: =IF(AND($AC$9<=$X12,$X12<$AD$9),AA12,0) -> 0 | BB12: =IF(AND($AC$10<=$X12,$X12<$AD$10),Y12,0) -> 0 | BC12: =IF(AND($AC$10<=$X12,$X12<$AD$10),Z12,0) -> 0 | BD12: =IF(AND($AC$10<=$X12,$X12<$AD$10),AA12,0) -> 0 | BE12: =IF(AND($AC$11<=$X12,$X12<$AD$11),Y12,0) -> 0 | BF12: =IF(AND($AC$11<=$X12,$X12<$AD$11),Z12,0) -> 0 | BG12: =IF(AND($AC$11<=$X12,$X12<$AD$11),AA12,0) -> 0 | BH12: =IF(AND($AC$12<=$X12,$X12<$AD$12),Y12,0) -> 0 | BI12: =IF(AND($AC$12<=$X12,$X12<$AD$12),Z12,0) -> 0 | BJ12: =IF(AND($AC$12<=$X12,$X12<$AD$12),AA12,0) -> 0 | BK12: =IF(AND($AC$13<=$X12,$X12<$AD$13),Y12,0) -> 0 | BL12: =IF(AND($AC$13<=$X12,$X12<$AD$13),Z12,0) -> 0 | BM12: =IF(AND($AC$13<=$X12,$X12<$AD$13),AA12,0) -> 0 | BN12: =IF(AND($AC$14<=$X12,$X12<$AD$14),Y12,0) -> 0 | BO12: =IF(AND($AC$14<=$X12,$X12<$AD$14),Z12,0) -> 0 | BP12: =IF(AND($AC$14<=$X12,$X12<$AD$14),AA12,0) -> 0 | BQ12: =IF(AND($AC$15<=$X12,$X12<$AD$15),Y12,0) -> 0 | BR12: =IF(AND($AC$15<=$X12,$X12<$AD$15),Z12,0) -> 0 | BS12: =IF(AND($AC$15<=$X12,$X12<$AD$15),AA12,0) -> 0 | BT12: =IF(AND($AC$16<=$X12,$X12<$AD$16),Y12,0) -> 0 | BU12: =IF(AND($AC$16<=$X12,$X12<$AD$16),Z12,0) -> 0 | BV12: =IF(AND($AC$16<=$X12,$X12<$AD$16),AA12,0) -> 0 | BW12: =IF(AND($AC$17<=$X12,$X12<$AD$17),Y12,0) -> 0 | BX12: =IF(AND($AC$17<=$X12,$X12<$AD$17),Z12,0) -> 0 | BY12: =IF(AND($AC$17<=$X12,$X12<$AD$17),AA12,0) -> 0 | BZ12: =IF(AND($AC$18<=$X12,$X12<$AD$18),Y12,0) -> 0 | CA12: =IF(AND($AC$18<=$X12,$X12<$AD$18),Z12,0) -> 0 | CB12: =IF(AND($AC$18<=$X12,$X12<$AD$18),AA12,0) -> 0
B13: =IF('Summary Statistics'!$C$6=TRUE,Artists!$F12<B$3,Artists!$E12<B$3) -> FALSE | C13: =IF('Summary Statistics'!$C$6=TRUE,Artists!$F12<C$3,Artists!$E12<C$3) -> FALSE | D13: =IF('Summary Statistics'!$C$6=TRUE,Artists!$F12<D$3,Artists!$E12<D$3) -> FALSE | E13: =IF('Summary Statistics'!$C$6=TRUE,Artists!$F12<E$3,Artists!$E12<E$3) -> FALSE | F13: =IF('Summary Statistics'!$C$6=TRUE,Artists!$F12<F$3,Artists!$E12<F$3) -> FALSE | G13: =IF('Summary Statistics'!$C$6=TRUE,Artists!$F12<G$3,Artists!$E12<G$3) -> FALSE | H13: =IF('Summary Statistics'!$C$6=TRUE,Artists!$F12<H$3,Artists!$E12<H$3) -> FALSE | I13: =IF('Summary Statistics'!$C$6=TRUE,Artists!$F12<I$3,Artists!$E12<I$3) -> FALSE | ... K13: =IF('Summary Statistics'!$C$6=TRUE,Artists!$F12<K$3,Artists!$E12<K$3) -> FALSE | M13: =IF('Summary Statistics'!$C$7=TRUE,Albums!$F12<M$3,Albums!$E12<M$3) -> FALSE | N13: =IF('Summary Statistics'!$C$7=TRUE,Albums!$F12<N$3,Albums!$E12<N$3) -> FALSE | O13: =IF('Summary Statistics'!$C$7=TRUE,Albums!$F12<O$3,Albums!$E12<O$3) -> FALSE | P13: =IF('Summary Statistics'!$C$7=TRUE,Albums!$F12<P$3,Albums!$E12<P$3) -> FALSE | Q13: =IF('Summary Statistics'!$C$7=TRUE,Albums!$F12<Q$3,Albums!$E12<Q$3) -> FALSE | R13: =IF('Summary Statistics'!$C$7=TRUE,Albums!$F12<R$3,Albums!$E12<R$3) -> FALSE | S13: =IF('Summary Statistics'!$C$7=TRUE,Albums!$F12<S$3,Albums!$E12<S$3) -> FALSE | T13: =IF('Summary Statistics'!$C$7=TRUE,Albums!$F12<T$3,Albums!$E12<T$3) -> FALSE | ... V13: =IF('Summary Statistics'!$C$7=TRUE,Albums!$F12<V$3,Albums!$E12<V$3) -> FALSE | X13: =1+X12 -> 1910 | Y13: =COUNTIF('Cleaned Data'!$K$4:$K$5004,X13) -> 0 | Z13: =SUMIF('Cleaned Data'!$K$4:'Cleaned Data'!$K$5004,Calculations!X13,'Cleaned Data'!$J$4:$J$5004) -> 0 | AA13: =SUMIF('Cleaned Data'!$K$4:'Cleaned Data'!$K$5004,Calculations!X13,'Cleaned Data'!$H$4:$H$5004) -> 0 | AC13: 1990 | AD13: 2000 | AE13: 1990s | AF13: =SUM(BK3:BK153) -> 0 | AG13: =SUM(BL3:BL153) -> 0 | AH13: =SUM(BM3:BM153) -> 0 | AJ13: =IF(AND($AC$4<=$X13,$X13<$AD$4),Y13,0) -> 0 | AK13: =IF(AND($AC$4<=$X13,$X13<$AD$4),Z13,0) -> 0 | AL13: =IF(AND($AC$4<=$X13,$X13<$AD$4),AA13,0) -> 0 | AM13: =IF(AND($AC$5<=$X13,$X13<$AD$5),Y13,0) -> 0 | AN13: =IF(AND($AC$5<=$X13,$X13<$AD$5),Z13,0) -> 0 | AO13: =IF(AND($AC$5<=$X13,$X13<$AD$5),AA13,0) -> 0 | AP13: =IF(AND($AC$6<=$X13,$X13<$AD$6),Y13,0) -> 0 | AQ13: =IF(AND($AC$6<=$X13,$X13<$AD$6),Z13,0) -> 0 | AR13: =IF(AND($AC$6<=$X13,$X13<$AD$6),AA13,0) -> 0 | AS13: =IF(AND($AC$7<=$X13,$X13<$AD$7),Y13,0) -> 0 | AT13: =IF(AND($AC$7<=$X13,$X13<$AD$7),Z13,0) -> 0 | AU13: =IF(AND($AC$7<=$X13,$X13<$AD$7),AA13,0) -> 0 | AV13: =IF(AND($AC$8<=$X13,$X13<$AD$8),Y13,0) -> 0 | AW13: =IF(AND($AC$8<=$X13,$X13<$AD$8),Z13,0) -> 0 | AX13: =IF(AND($AC$8<=$X13,$X13<$AD$8),AA13,0) -> 0 | AY13: =IF(AND($AC$9<=$X13,$X13<$AD$9),Y13,0) -> 0 | AZ13: =IF(AND($AC$9<=$X13,$X13<$AD$9),Z13,0) -> 0 | BA13: =IF(AND($AC$9<=$X13,$X13<$AD$9),AA13,0) -> 0 | BB13: =IF(AND($AC$10<=$X13,$X13<$AD$10),Y13,0) -> 0 | BC13: =IF(AND($AC$10<=$X13,$X13<$AD$10),Z13,0) -> 0 | BD13: =IF(AND($AC$10<=$X13,$X13<$AD$10),AA13,0) -> 0 | BE13: =IF(AND($AC$11<=$X13,$X13<$AD$11),Y13,0) -> 0 | BF13: =IF(AND($AC$11<=$X13,$X13<$AD$11),Z13,0) -> 0 | BG13: =IF(AND($AC$11<=$X13,$X13<$AD$11),AA13,0) -> 0 | BH13: =IF(AND($AC$12<=$X13,$X13<$AD$12),Y13,0) -> 0 | BI13: =IF(AND($AC$12<=$X13,$X13<$AD$12),Z13,0) -> 0 | BJ13: =IF(AND($AC$12<=$X13,$X13<$AD$12),AA13,0) -> 0 | BK13: =IF(AND($AC$13<=$X13,$X13<$AD$13),Y13,0) -> 0 | BL13: =IF(AND($AC$13<=$X13,$X13<$AD$13),Z13,0) -> 0 | BM13: =IF(AND($AC$13<=$X13,$X13<$AD$13),AA13,0) -> 0 | BN13: =IF(AND($AC$14<=$X13,$X13<$AD$14),Y13,0) -> 0 | BO13: =IF(AND($AC$14<=$X13,$X13<$AD$14),Z13,0) -> 0 | BP13: =IF(AND($AC$14<=$X13,$X13<$AD$14),AA13,0) -> 0 | BQ13: =IF(AND($AC$15<=$X13,$X13<$AD$15),Y13,0) -> 0 | BR13: =IF(AND($AC$15<=$X13,$X13<$AD$15),Z13,0) -> 0 | BS13: =IF(AND($AC$15<=$X13,$X13<$AD$15),AA13,0) -> 0 | BT13: =IF(AND($AC$16<=$X13,$X13<$AD$16),Y13,0) -> 0 | BU13: =IF(AND($AC$16<=$X13,$X13<$AD$16),Z13,0) -> 0 | BV13: =IF(AND($AC$16<=$X13,$X13<$AD$16),AA13,0) -> 0 | BW13: =IF(AND($AC$17<=$X13,$X13<$AD$17),Y13,0) -> 0 | BX13: =IF(AND($AC$17<=$X13,$X13<$AD$17),Z13,0) -> 0 | BY13: =IF(AND($AC$17<=$X13,$X13<$AD$17),AA13,0) -> 0 | BZ13: =IF(AND($AC$18<=$X13,$X13<$AD$18),Y13,0) -> 0 | CA13: =IF(AND($AC$18<=$X13,$X13<$AD$18),Z13,0) -> 0 | CB13: =IF(AND($AC$18<=$X13,$X13<$AD$18),AA13,0) -> 0
B14: =IF('Summary Statistics'!$C$6=TRUE,Artists!$F13<B$3,Artists!$E13<B$3) -> FALSE | C14: =IF('Summary Statistics'!$C$6=TRUE,Artists!$F13<C$3,Artists!$E13<C$3) -> FALSE | D14: =IF('Summary Statistics'!$C$6=TRUE,Artists!$F13<D$3,Artists!$E13<D$3) -> FALSE | E14: =IF('Summary Statistics'!$C$6=TRUE,Artists!$F13<E$3,Artists!$E13<E$3) -> FALSE | F14: =IF('Summary Statistics'!$C$6=TRUE,Artists!$F13<F$3,Artists!$E13<F$3) -> FALSE | G14: =IF('Summary Statistics'!$C$6=TRUE,Artists!$F13<G$3,Artists!$E13<G$3) -> FALSE | H14: =IF('Summary Statistics'!$C$6=TRUE,Artists!$F13<H$3,Artists!$E13<H$3) -> FALSE | I14: =IF('Summary Statistics'!$C$6=TRUE,Artists!$F13<I$3,Artists!$E13<I$3) -> FALSE | ... K14: =IF('Summary Statistics'!$C$6=TRUE,Artists!$F13<K$3,Artists!$E13<K$3) -> FALSE | M14: =IF('Summary Statistics'!$C$7=TRUE,Albums!$F13<M$3,Albums!$E13<M$3) -> FALSE | N14: =IF('Summary Statistics'!$C$7=TRUE,Albums!$F13<N$3,Albums!$E13<N$3) -> FALSE | O14: =IF('Summary Statistics'!$C$7=TRUE,Albums!$F13<O$3,Albums!$E13<O$3) -> FALSE | P14: =IF('Summary Statistics'!$C$7=TRUE,Albums!$F13<P$3,Albums!$E13<P$3) -> FALSE | Q14: =IF('Summary Statistics'!$C$7=TRUE,Albums!$F13<Q$3,Albums!$E13<Q$3) -> FALSE | R14: =IF('Summary Statistics'!$C$7=TRUE,Albums!$F13<R$3,Albums!$E13<R$3) -> FALSE | S14: =IF('Summary Statistics'!$C$7=TRUE,Albums!$F13<S$3,Albums!$E13<S$3) -> FALSE | T14: =IF('Summary Statistics'!$C$7=TRUE,Albums!$F13<T$3,Albums!$E13<T$3) -> FALSE | ... V14: =IF('Summary Statistics'!$C$7=TRUE,Albums!$F13<V$3,Albums!$E13<V$3) -> FALSE | X14: =1+X13 -> 1911 | Y14: =COUNTIF('Cleaned Data'!$K$4:$K$5004,X14) -> 0 | Z14: =SUMIF('Cleaned Data'!$K$4:'Cleaned Data'!$K$5004,Calculations!X14,'Cleaned Data'!$J$4:$J$5004) -> 0 | AA14: =SUMIF('Cleaned Data'!$K$4:'Cleaned Data'!$K$5004,Calculations!X14,'Cleaned Data'!$H$4:$H$5004) -> 0 | AC14: 2000 | AD14: 2010 | AE14: 2000s | AF14: =SUM(BN3:BN153) -> 0 | AG14: =SUM(BO3:BO153) -> 0 | AH14: =SUM(BP3:BP153) -> 0 | AJ14: =IF(AND($AC$4<=$X14,$X14<$AD$4),Y14,0) -> 0 | AK14: =IF(AND($AC$4<=$X14,$X14<$AD$4),Z14,0) -> 0 | AL14: =IF(AND($AC$4<=$X14,$X14<$AD$4),AA14,0) -> 0 | AM14: =IF(AND($AC$5<=$X14,$X14<$AD$5),Y14,0) -> 0 | AN14: =IF(AND($AC$5<=$X14,$X14<$AD$5),Z14,0) -> 0 | AO14: =IF(AND($AC$5<=$X14,$X14<$AD$5),AA14,0) -> 0 | AP14: =IF(AND($AC$6<=$X14,$X14<$AD$6),Y14,0) -> 0 | AQ14: =IF(AND($AC$6<=$X14,$X14<$AD$6),Z14,0) -> 0 | AR14: =IF(AND($AC$6<=$X14,$X14<$AD$6),AA14,0) -> 0 | AS14: =IF(AND($AC$7<=$X14,$X14<$AD$7),Y14,0) -> 0 | AT14: =IF(AND($AC$7<=$X14,$X14<$AD$7),Z14,0) -> 0 | AU14: =IF(AND($AC$7<=$X14,$X14<$AD$7),AA14,0) -> 0 | AV14: =IF(AND($AC$8<=$X14,$X14<$AD$8),Y14,0) -> 0 | AW14: =IF(AND($AC$8<=$X14,$X14<$AD$8),Z14,0) -> 0 | AX14: =IF(AND($AC$8<=$X14,$X14<$AD$8),AA14,0) -> 0 | AY14: =IF(AND($AC$9<=$X14,$X14<$AD$9),Y14,0) -> 0 | AZ14: =IF(AND($AC$9<=$X14,$X14<$AD$9),Z14,0) -> 0 | BA14: =IF(AND($AC$9<=$X14,$X14<$AD$9),AA14,0) -> 0 | BB14: =IF(AND($AC$10<=$X14,$X14<$AD$10),Y14,0) -> 0 | BC14: =IF(AND($AC$10<=$X14,$X14<$AD$10),Z14,0) -> 0 | BD14: =IF(AND($AC$10<=$X14,$X14<$AD$10),AA14,0) -> 0 | BE14: =IF(AND($AC$11<=$X14,$X14<$AD$11),Y14,0) -> 0 | BF14: =IF(AND($AC$11<=$X14,$X14<$AD$11),Z14,0) -> 0 | BG14: =IF(AND($AC$11<=$X14,$X14<$AD$11),AA14,0) -> 0 | BH14: =IF(AND($AC$12<=$X14,$X14<$AD$12),Y14,0) -> 0 | BI14: =IF(AND($AC$12<=$X14,$X14<$AD$12),Z14,0) -> 0 | BJ14: =IF(AND($AC$12<=$X14,$X14<$AD$12),AA14,0) -> 0 | BK14: =IF(AND($AC$13<=$X14,$X14<$AD$13),Y14,0) -> 0 | BL14: =IF(AND($AC$13<=$X14,$X14<$AD$13),Z14,0) -> 0 | BM14: =IF(AND($AC$13<=$X14,$X14<$AD$13),AA14,0) -> 0 | BN14: =IF(AND($AC$14<=$X14,$X14<$AD$14),Y14,0) -> 0 | BO14: =IF(AND($AC$14<=$X14,$X14<$AD$14),Z14,0) -> 0 | BP14: =IF(AND($AC$14<=$X14,$X14<$AD$14),AA14,0) -> 0 | BQ14: =IF(AND($AC$15<=$X14,$X14<$AD$15),Y14,0) -> 0 | BR14: =IF(AND($AC$15<=$X14,$X14<$AD$15),Z14,0) -> 0 | BS14: =IF(AND($AC$15<=$X14,$X14<$AD$15),AA14,0) -> 0 | BT14: =IF(AND($AC$16<=$X14,$X14<$AD$16),Y14,0) -> 0 | BU14: =IF(AND($AC$16<=$X14,$X14<$AD$16),Z14,0) -> 0 | BV14: =IF(AND($AC$16<=$X14,$X14<$AD$16),AA14,0) -> 0 | BW14: =IF(AND($AC$17<=$X14,$X14<$AD$17),Y14,0) -> 0 | BX14: =IF(AND($AC$17<=$X14,$X14<$AD$17),Z14,0) -> 0 | BY14: =IF(AND($AC$17<=$X14,$X14<$AD$17),AA14,0) -> 0 | BZ14: =IF(AND($AC$18<=$X14,$X14<$AD$18),Y14,0) -> 0 | CA14: =IF(AND($AC$18<=$X14,$X14<$AD$18),Z14,0) -> 0 | CB14: =IF(AND($AC$18<=$X14,$X14<$AD$18),AA14,0) -> 0
B15: =IF('Summary Statistics'!$C$6=TRUE,Artists!$F14<B$3,Artists!$E14<B$3) -> FALSE | C15: =IF('Summary Statistics'!$C$6=TRUE,Artists!$F14<C$3,Artists!$E14<C$3) -> FALSE | D15: =IF('Summary Statistics'!$C$6=TRUE,Artists!$F14<D$3,Artists!$E14<D$3) -> FALSE | E15: =IF('Summary Statistics'!$C$6=TRUE,Artists!$F14<E$3,Artists!$E14<E$3) -> FALSE | F15: =IF('Summary Statistics'!$C$6=TRUE,Artists!$F14<F$3,Artists!$E14<F$3) -> FALSE | G15: =IF('Summary Statistics'!$C$6=TRUE,Artists!$F14<G$3,Artists!$E14<G$3) -> FALSE | H15: =IF('Summary Statistics'!$C$6=TRUE,Artists!$F14<H$3,Artists!$E14<H$3) -> FALSE | I15: =IF('Summary Statistics'!$C$6=TRUE,Artists!$F14<I$3,Artists!$E14<I$3) -> FALSE | ... K15: =IF('Summary Statistics'!$C$6=TRUE,Artists!$F14<K$3,Artists!$E14<K$3) -> FALSE | M15: =IF('Summary Statistics'!$C$7=TRUE,Albums!$F14<M$3,Albums!$E14<M$3) -> FALSE | N15: =IF('Summary Statistics'!$C$7=TRUE,Albums!$F14<N$3,Albums!$E14<N$3) -> FALSE | O15: =IF('Summary Statistics'!$C$7=TRUE,Albums!$F14<O$3,Albums!$E14<O$3) -> FALSE | P15: =IF('Summary Statistics'!$C$7=TRUE,Albums!$F14<P$3,Albums!$E14<P$3) -> FALSE | Q15: =IF('Summary Statistics'!$C$7=TRUE,Albums!$F14<Q$3,Albums!$E14<Q$3) -> FALSE | R15: =IF('Summary Statistics'!$C$7=TRUE,Albums!$F14<R$3,Albums!$E14<R$3) -> FALSE | S15: =IF('Summary Statistics'!$C$7=TRUE,Albums!$F14<S$3,Albums!$E14<S$3) -> FALSE | T15: =IF('Summary Statistics'!$C$7=TRUE,Albums!$F14<T$3,Albums!$E14<T$3) -> FALSE | ... V15: =IF('Summary Statistics'!$C$7=TRUE,Albums!$F14<V$3,Albums!$E14<V$3) -> FALSE | X15: =1+X14 -> 1912 | Y15: =COUNTIF('Cleaned Data'!$K$4:$K$5004,X15) -> 0 | Z15: =SUMIF('Cleaned Data'!$K$4:'Cleaned Data'!$K$5004,Calculations!X15,'Cleaned Data'!$J$4:$J$5004) -> 0 | AA15: =SUMIF('Cleaned Data'!$K$4:'Cleaned Data'!$K$5004,Calculations!X15,'Cleaned Data'!$H$4:$H$5004) -> 0 | AC15: 2010 | AD15: 2020 | AE15: 2010s | AF15: =SUM(BQ3:BQ153) -> 0 | AG15: =SUM(BR3:BR153) -> 0 | AH15: =SUM(BS3:BS153) -> 0 | AJ15: =IF(AND($AC$4<=$X15,$X15<$AD$4),Y15,0) -> 0 | AK15: =IF(AND($AC$4<=$X15,$X15<$AD$4),Z15,0) -> 0 | AL15: =IF(AND($AC$4<=$X15,$X15<$AD$4),AA15,0) -> 0 | AM15: =IF(AND($AC$5<=$X15,$X15<$AD$5),Y15,0) -> 0 | AN15: =IF(AND($AC$5<=$X15,$X15<$AD$5),Z15,0) -> 0 | AO15: =IF(AND($AC$5<=$X15,$X15<$AD$5),AA15,0) -> 0 | AP15: =IF(AND($AC$6<=$X15,$X15<$AD$6),Y15,0) -> 0 | AQ15: =IF(AND($AC$6<=$X15,$X15<$AD$6),Z15,0) -> 0 | AR15: =IF(AND($AC$6<=$X15,$X15<$AD$6),AA15,0) -> 0 | AS15: =IF(AND($AC$7<=$X15,$X15<$AD$7),Y15,0) -> 0 | AT15: =IF(AND($AC$7<=$X15,$X15<$AD$7),Z15,0) -> 0 | AU15: =IF(AND($AC$7<=$X15,$X15<$AD$7),AA15,0) -> 0 | AV15: =IF(AND($AC$8<=$X15,$X15<$AD$8),Y15,0) -> 0 | AW15: =IF(AND($AC$8<=$X15,$X15<$AD$8),Z15,0) -> 0 | AX15: =IF(AND($AC$8<=$X15,$X15<$AD$8),AA15,0) -> 0 | AY15: =IF(AND($AC$9<=$X15,$X15<$AD$9),Y15,0) -> 0 | AZ15: =IF(AND($AC$9<=$X15,$X15<$AD$9),Z15,0) -> 0 | BA15: =IF(AND($AC$9<=$X15,$X15<$AD$9),AA15,0) -> 0 | BB15: =IF(AND($AC$10<=$X15,$X15<$AD$10),Y15,0) -> 0 | BC15: =IF(AND($AC$10<=$X15,$X15<$AD$10),Z15,0) -> 0 | BD15: =IF(AND($AC$10<=$X15,$X15<$AD$10),AA15,0) -> 0 | BE15: =IF(AND($AC$11<=$X15,$X15<$AD$11),Y15,0) -> 0 | BF15: =IF(AND($AC$11<=$X15,$X15<$AD$11),Z15,0) -> 0 | BG15: =IF(AND($AC$11<=$X15,$X15<$AD$11),AA15,0) -> 0 | BH15: =IF(AND($AC$12<=$X15,$X15<$AD$12),Y15,0) -> 0 | BI15: =IF(AND($AC$12<=$X15,$X15<$AD$12),Z15,0) -> 0 | BJ15: =IF(AND($AC$12<=$X15,$X15<$AD$12),AA15,0) -> 0 | BK15: =IF(AND($AC$13<=$X15,$X15<$AD$13),Y15,0) -> 0 | BL15: =IF(AND($AC$13<=$X15,$X15<$AD$13),Z15,0) -> 0 | BM15: =IF(AND($AC$13<=$X15,$X15<$AD$13),AA15,0) -> 0 | BN15: =IF(AND($AC$14<=$X15,$X15<$AD$14),Y15,0) -> 0 | BO15: =IF(AND($AC$14<=$X15,$X15<$AD$14),Z15,0) -> 0 | BP15: =IF(AND($AC$14<=$X15,$X15<$AD$14),AA15,0) -> 0 | BQ15: =IF(AND($AC$15<=$X15,$X15<$AD$15),Y15,0) -> 0 | BR15: =IF(AND($AC$15<=$X15,$X15<$AD$15),Z15,0) -> 0 | BS15: =IF(AND($AC$15<=$X15,$X15<$AD$15),AA15,0) -> 0 | BT15: =IF(AND($AC$16<=$X15,$X15<$AD$16),Y15,0) -> 0 | BU15: =IF(AND($AC$16<=$X15,$X15<$AD$16),Z15,0) -> 0 | BV15: =IF(AND($AC$16<=$X15,$X15<$AD$16),AA15,0) -> 0 | BW15: =IF(AND($AC$17<=$X15,$X15<$AD$17),Y15,0) -> 0 | BX15: =IF(AND($AC$17<=$X15,$X15<$AD$17),Z15,0) -> 0 | BY15: =IF(AND($AC$17<=$X15,$X15<$AD$17),AA15,0) -> 0 | BZ15: =IF(AND($AC$18<=$X15,$X15<$AD$18),Y15,0) -> 0 | CA15: =IF(AND($AC$18<=$X15,$X15<$AD$18),Z15,0) -> 0 | CB15: =IF(AND($AC$18<=$X15,$X15<$AD$18),AA15,0) -> 0
B16: =IF('Summary Statistics'!$C$6=TRUE,Artists!$F15<B$3,Artists!$E15<B$3) -> FALSE | C16: =IF('Summary Statistics'!$C$6=TRUE,Artists!$F15<C$3,Artists!$E15<C$3) -> FALSE | D16: =IF('Summary Statistics'!$C$6=TRUE,Artists!$F15<D$3,Artists!$E15<D$3) -> FALSE | E16: =IF('Summary Statistics'!$C$6=TRUE,Artists!$F15<E$3,Artists!$E15<E$3) -> FALSE | F16: =IF('Summary Statistics'!$C$6=TRUE,Artists!$F15<F$3,Artists!$E15<F$3) -> FALSE | G16: =IF('Summary Statistics'!$C$6=TRUE,Artists!$F15<G$3,Artists!$E15<G$3) -> FALSE | H16: =IF('Summary Statistics'!$C$6=TRUE,Artists!$F15<H$3,Artists!$E15<H$3) -> FALSE | I16: =IF('Summary Statistics'!$C$6=TRUE,Artists!$F15<I$3,Artists!$E15<I$3) -> FALSE | ... K16: =IF('Summary Statistics'!$C$6=TRUE,Artists!$F15<K$3,Artists!$E15<K$3) -> FALSE | M16: =IF('Summary Statistics'!$C$7=TRUE,Albums!$F15<M$3,Albums!$E15<M$3) -> FALSE | N16: =IF('Summary Statistics'!$C$7=TRUE,Albums!$F15<N$3,Albums!$E15<N$3) -> FALSE | O16: =IF('Summary Statistics'!$C$7=TRUE,Albums!$F15<O$3,Albums!$E15<O$3) -> FALSE | P16: =IF('Summary Statistics'!$C$7=TRUE,Albums!$F15<P$3,Albums!$E15<P$3) -> FALSE | Q16: =IF('Summary Statistics'!$C$7=TRUE,Albums!$F15<Q$3,Albums!$E15<Q$3) -> FALSE | R16: =IF('Summary Statistics'!$C$7=TRUE,Albums!$F15<R$3,Albums!$E15<R$3) -> FALSE | S16: =IF('Summary Statistics'!$C$7=TRUE,Albums!$F15<S$3,Albums!$E15<S$3) -> FALSE | T16: =IF('Summary Statistics'!$C$7=TRUE,Albums!$F15<T$3,Albums!$E15<T$3) -> FALSE | ... V16: =IF('Summary Statistics'!$C$7=TRUE,Albums!$F15<V$3,Albums!$E15<V$3) -> FALSE | X16: =1+X15 -> 1913 | Y16: =COUNTIF('Cleaned Data'!$K$4:$K$5004,X16) -> 0 | Z16: =SUMIF('Cleaned Data'!$K$4:'Cleaned Data'!$K$5004,Calculations!X16,'Cleaned Data'!$J$4:$J$5004) -> 0 | AA16: =SUMIF('Cleaned Data'!$K$4:'Cleaned Data'!$K$5004,Calculations!X16,'Cleaned Data'!$H$4:$H$5004) -> 0 | AC16: 2020 | AD16: 2030 | AE16: 2020s | AF16: =SUM(BT3:BT153) -> 0 | AG16: =SUM(BU3:BU153) -> 0 | AH16: =SUM(BV3:BV153) -> 0 | AJ16: =IF(AND($AC$4<=$X16,$X16<$AD$4),Y16,0) -> 0 | AK16: =IF(AND($AC$4<=$X16,$X16<$AD$4),Z16,0) -> 0 | AL16: =IF(AND($AC$4<=$X16,$X16<$AD$4),AA16,0) -> 0 | AM16: =IF(AND($AC$5<=$X16,$X16<$AD$5),Y16,0) -> 0 | AN16: =IF(AND($AC$5<=$X16,$X16<$AD$5),Z16,0) -> 0 | AO16: =IF(AND($AC$5<=$X16,$X16<$AD$5),AA16,0) -> 0 | AP16: =IF(AND($AC$6<=$X16,$X16<$AD$6),Y16,0) -> 0 | AQ16: =IF(AND($AC$6<=$X16,$X16<$AD$6),Z16,0) -> 0 | AR16: =IF(AND($AC$6<=$X16,$X16<$AD$6),AA16,0) -> 0 | AS16: =IF(AND($AC$7<=$X16,$X16<$AD$7),Y16,0) -> 0 | AT16: =IF(AND($AC$7<=$X16,$X16<$AD$7),Z16,0) -> 0 | AU16: =IF(AND($AC$7<=$X16,$X16<$AD$7),AA16,0) -> 0 | AV16: =IF(AND($AC$8<=$X16,$X16<$AD$8),Y16,0) -> 0 | AW16: =IF(AND($AC$8<=$X16,$X16<$AD$8),Z16,0) -> 0 | AX16: =IF(AND($AC$8<=$X16,$X16<$AD$8),AA16,0) -> 0 | AY16: =IF(AND($AC$9<=$X16,$X16<$AD$9),Y16,0) -> 0 | AZ16: =IF(AND($AC$9<=$X16,$X16<$AD$9),Z16,0) -> 0 | BA16: =IF(AND($AC$9<=$X16,$X16<$AD$9),AA16,0) -> 0 | BB16: =IF(AND($AC$10<=$X16,$X16<$AD$10),Y16,0) -> 0 | BC16: =IF(AND($AC$10<=$X16,$X16<$AD$10),Z16,0) -> 0 | BD16: =IF(AND($AC$10<=$X16,$X16<$AD$10),AA16,0) -> 0 | BE16: =IF(AND($AC$11<=$X16,$X16<$AD$11),Y16,0) -> 0 | BF16: =IF(AND($AC$11<=$X16,$X16<$AD$11),Z16,0) -> 0 | BG16: =IF(AND($AC$11<=$X16,$X16<$AD$11),AA16,0) -> 0 | BH16: =IF(AND($AC$12<=$X16,$X16<$AD$12),Y16,0) -> 0 | BI16: =IF(AND($AC$12<=$X16,$X16<$AD$12),Z16,0) -> 0 | BJ16: =IF(AND($AC$12<=$X16,$X16<$AD$12),AA16,0) -> 0 | BK16: =IF(AND($AC$13<=$X16,$X16<$AD$13),Y16,0) -> 0 | BL16: =IF(AND($AC$13<=$X16,$X16<$AD$13),Z16,0) -> 0 | BM16: =IF(AND($AC$13<=$X16,$X16<$AD$13),AA16,0) -> 0 | BN16: =IF(AND($AC$14<=$X16,$X16<$AD$14),Y16,0) -> 0 | BO16: =IF(AND($AC$14<=$X16,$X16<$AD$14),Z16,0) -> 0 | BP16: =IF(AND($AC$14<=$X16,$X16<$AD$14),AA16,0) -> 0 | BQ16: =IF(AND($AC$15<=$X16,$X16<$AD$15),Y16,0) -> 0 | BR16: =IF(AND($AC$15<=$X16,$X16<$AD$15),Z16,0) -> 0 | BS16: =IF(AND($AC$15<=$X16,$X16<$AD$15),AA16,0) -> 0 | BT16: =IF(AND($AC$16<=$X16,$X16<$AD$16),Y16,0) -> 0 | BU16: =IF(AND($AC$16<=$X16,$X16<$AD$16),Z16,0) -> 0 | BV16: =IF(AND($AC$16<=$X16,$X16<$AD$16),AA16,0) -> 0 | BW16: =IF(AND($AC$17<=$X16,$X16<$AD$17),Y16,0) -> 0 | BX16: =IF(AND($AC$17<=$X16,$X16<$AD$17),Z16,0) -> 0 | BY16: =IF(AND($AC$17<=$X16,$X16<$AD$17),AA16,0) -> 0 | BZ16: =IF(AND($AC$18<=$X16,$X16<$AD$18),Y16,0) -> 0 | CA16: =IF(AND($AC$18<=$X16,$X16<$AD$18),Z16,0) -> 0 | CB16: =IF(AND($AC$18<=$X16,$X16<$AD$18),AA16,0) -> 0
B17: =IF('Summary Statistics'!$C$6=TRUE,Artists!$F16<B$3,Artists!$E16<B$3) -> FALSE | C17: =IF('Summary Statistics'!$C$6=TRUE,Artists!$F16<C$3,Artists!$E16<C$3) -> FALSE | D17: =IF('Summary Statistics'!$C$6=TRUE,Artists!$F16<D$3,Artists!$E16<D$3) -> FALSE | E17: =IF('Summary Statistics'!$C$6=TRUE,Artists!$F16<E$3,Artists!$E16<E$3) -> FALSE | F17: =IF('Summary Statistics'!$C$6=TRUE,Artists!$F16<F$3,Artists!$E16<F$3) -> FALSE | G17: =IF('Summary Statistics'!$C$6=TRUE,Artists!$F16<G$3,Artists!$E16<G$3) -> FALSE | H17: =IF('Summary Statistics'!$C$6=TRUE,Artists!$F16<H$3,Artists!$E16<H$3) -> FALSE | I17: =IF('Summary Statistics'!$C$6=TRUE,Artists!$F16<I$3,Artists!$E16<I$3) -> FALSE | ... K17: =IF('Summary Statistics'!$C$6=TRUE,Artists!$F16<K$3,Artists!$E16<K$3) -> FALSE | M17: =IF('Summary Statistics'!$C$7=TRUE,Albums!$F16<M$3,Albums!$E16<M$3) -> FALSE | N17: =IF('Summary Statistics'!$C$7=TRUE,Albums!$F16<N$3,Albums!$E16<N$3) -> FALSE | O17: =IF('Summary Statistics'!$C$7=TRUE,Albums!$F16<O$3,Albums!$E16<O$3) -> FALSE | P17: =IF('Summary Statistics'!$C$7=TRUE,Albums!$F16<P$3,Albums!$E16<P$3) -> FALSE | Q17: =IF('Summary Statistics'!$C$7=TRUE,Albums!$F16<Q$3,Albums!$E16<Q$3) -> FALSE | R17: =IF('Summary Statistics'!$C$7=TRUE,Albums!$F16<R$3,Albums!$E16<R$3) -> FALSE | S17: =IF('Summary Statistics'!$C$7=TRUE,Albums!$F16<S$3,Albums!$E16<S$3) -> FALSE | T17: =IF('Summary Statistics'!$C$7=TRUE,Albums!$F16<T$3,Albums!$E16<T$3) -> FALSE | ... V17: =IF('Summary Statistics'!$C$7=TRUE,Albums!$F16<V$3,Albums!$E16<V$3) -> FALSE | X17: =1+X16 -> 1914 | Y17: =COUNTIF('Cleaned Data'!$K$4:$K$5004,X17) -> 0 | Z17: =SUMIF('Cleaned Data'!$K$4:'Cleaned Data'!$K$5004,Calculations!X17,'Cleaned Data'!$J$4:$J$5004) -> 0 | AA17: =SUMIF('Cleaned Data'!$K$4:'Cleaned Data'!$K$5004,Calculations!X17,'Cleaned Data'!$H$4:$H$5004) -> 0 | AC17: 2030 | AD17: 2040 | AE17: 2030s | AF17: =SUM(BW3:BW153) -> 0 | AG17: =SUM(BX3:BX153) -> 0 | AH17: =SUM(BY3:BY153) -> 0 | AJ17: =IF(AND($AC$4<=$X17,$X17<$AD$4),Y17,0) -> 0 | AK17: =IF(AND($AC$4<=$X17,$X17<$AD$4),Z17,0) -> 0 | AL17: =IF(AND($AC$4<=$X17,$X17<$AD$4),AA17,0) -> 0 | AM17: =IF(AND($AC$5<=$X17,$X17<$AD$5),Y17,0) -> 0 | AN17: =IF(AND($AC$5<=$X17,$X17<$AD$5),Z17,0) -> 0 | AO17: =IF(AND($AC$5<=$X17,$X17<$AD$5),AA17,0) -> 0 | AP17: =IF(AND($AC$6<=$X17,$X17<$AD$6),Y17,0) -> 0 | AQ17: =IF(AND($AC$6<=$X17,$X17<$AD$6),Z17,0) -> 0 | AR17: =IF(AND($AC$6<=$X17,$X17<$AD$6),AA17,0) -> 0 | AS17: =IF(AND($AC$7<=$X17,$X17<$AD$7),Y17,0) -> 0 | AT17: =IF(AND($AC$7<=$X17,$X17<$AD$7),Z17,0) -> 0 | AU17: =IF(AND($AC$7<=$X17,$X17<$AD$7),AA17,0) -> 0 | AV17: =IF(AND($AC$8<=$X17,$X17<$AD$8),Y17,0) -> 0 | AW17: =IF(AND($AC$8<=$X17,$X17<$AD$8),Z17,0) -> 0 | AX17: =IF(AND($AC$8<=$X17,$X17<$AD$8),AA17,0) -> 0 | AY17: =IF(AND($AC$9<=$X17,$X17<$AD$9),Y17,0) -> 0 | AZ17: =IF(AND($AC$9<=$X17,$X17<$AD$9),Z17,0) -> 0 | BA17: =IF(AND($AC$9<=$X17,$X17<$AD$9),AA17,0) -> 0 | BB17: =IF(AND($AC$10<=$X17,$X17<$AD$10),Y17,0) -> 0 | BC17: =IF(AND($AC$10<=$X17,$X17<$AD$10),Z17,0) -> 0 | BD17: =IF(AND($AC$10<=$X17,$X17<$AD$10),AA17,0) -> 0 | BE17: =IF(AND($AC$11<=$X17,$X17<$AD$11),Y17,0) -> 0 | BF17: =IF(AND($AC$11<=$X17,$X17<$AD$11),Z17,0) -> 0 | BG17: =IF(AND($AC$11<=$X17,$X17<$AD$11),AA17,0) -> 0 | BH17: =IF(AND($AC$12<=$X17,$X17<$AD$12),Y17,0) -> 0 | BI17: =IF(AND($AC$12<=$X17,$X17<$AD$12),Z17,0) -> 0 | BJ17: =IF(AND($AC$12<=$X17,$X17<$AD$12),AA17,0) -> 0 | BK17: =IF(AND($AC$13<=$X17,$X17<$AD$13),Y17,0) -> 0 | BL17: =IF(AND($AC$13<=$X17,$X17<$AD$13),Z17,0) -> 0 | BM17: =IF(AND($AC$13<=$X17,$X17<$AD$13),AA17,0) -> 0 | BN17: =IF(AND($AC$14<=$X17,$X17<$AD$14),Y17,0) -> 0 | BO17: =IF(AND($AC$14<=$X17,$X17<$AD$14),Z17,0) -> 0 | BP17: =IF(AND($AC$14<=$X17,$X17<$AD$14),AA17,0) -> 0 | BQ17: =IF(AND($AC$15<=$X17,$X17<$AD$15),Y17,0) -> 0 | BR17: =IF(AND($AC$15<=$X17,$X17<$AD$15),Z17,0) -> 0 | BS17: =IF(AND($AC$15<=$X17,$X17<$AD$15),AA17,0) -> 0 | BT17: =IF(AND($AC$16<=$X17,$X17<$AD$16),Y17,0) -> 0 | BU17: =IF(AND($AC$16<=$X17,$X17<$AD$16),Z17,0) -> 0 | BV17: =IF(AND($AC$16<=$X17,$X17<$AD$16),AA17,0) -> 0 | BW17: =IF(AND($AC$17<=$X17,$X17<$AD$17),Y17,0) -> 0 | BX17: =IF(AND($AC$17<=$X17,$X17<$AD$17),Z17,0) -> 0 | BY17: =IF(AND($AC$17<=$X17,$X17<$AD$17),AA17,0) -> 0 | BZ17: =IF(AND($AC$18<=$X17,$X17<$AD$18),Y17,0) -> 0 | CA17: =IF(AND($AC$18<=$X17,$X17<$AD$18),Z17,0) -> 0 | CB17: =IF(AND($AC$18<=$X17,$X17<$AD$18),AA17,0) -> 0
B18: =IF('Summary Statistics'!$C$6=TRUE,Artists!$F17<B$3,Artists!$E17<B$3) -> FALSE | C18: =IF('Summary Statistics'!$C$6=TRUE,Artists!$F17<C$3,Artists!$E17<C$3) -> FALSE | D18: =IF('Summary Statistics'!$C$6=TRUE,Artists!$F17<D$3,Artists!$E17<D$3) -> FALSE | E18: =IF('Summary Statistics'!$C$6=TRUE,Artists!$F17<E$3,Artists!$E17<E$3) -> FALSE | F18: =IF('Summary Statistics'!$C$6=TRUE,Artists!$F17<F$3,Artists!$E17<F$3) -> FALSE | G18: =IF('Summary Statistics'!$C$6=TRUE,Artists!$F17<G$3,Artists!$E17<G$3) -> FALSE | H18: =IF('Summary Statistics'!$C$6=TRUE,Artists!$F17<H$3,Artists!$E17<H$3) -> FALSE | I18: =IF('Summary Statistics'!$C$6=TRUE,Artists!$F17<I$3,Artists!$E17<I$3) -> FALSE | ... K18: =IF('Summary Statistics'!$C$6=TRUE,Artists!$F17<K$3,Artists!$E17<K$3) -> FALSE | M18: =IF('Summary Statistics'!$C$7=TRUE,Albums!$F17<M$3,Albums!$E17<M$3) -> FALSE | N18: =IF('Summary Statistics'!$C$7=TRUE,Albums!$F17<N$3,Albums!$E17<N$3) -> FALSE | O18: =IF('Summary Statistics'!$C$7=TRUE,Albums!$F17<O$3,Albums!$E17<O$3) -> FALSE | P18: =IF('Summary Statistics'!$C$7=TRUE,Albums!$F17<P$3,Albums!$E17<P$3) -> FALSE | Q18: =IF('Summary Statistics'!$C$7=TRUE,Albums!$F17<Q$3,Albums!$E17<Q$3) -> FALSE | R18: =IF('Summary Statistics'!$C$7=TRUE,Albums!$F17<R$3,Albums!$E17<R$3) -> FALSE | S18: =IF('Summary Statistics'!$C$7=TRUE,Albums!$F17<S$3,Albums!$E17<S$3) -> FALSE | T18: =IF('Summary Statistics'!$C$7=TRUE,Albums!$F17<T$3,Albums!$E17<T$3) -> FALSE | ... V18: =IF('Summary Statistics'!$C$7=TRUE,Albums!$F17<V$3,Albums!$E17<V$3) -> FALSE | X18: =1+X17 -> 1915 | Y18: =COUNTIF('Cleaned Data'!$K$4:$K$5004,X18) -> 0 | Z18: =SUMIF('Cleaned Data'!$K$4:'Cleaned Data'!$K$5004,Calculations!X18,'Cleaned Data'!$J$4:$J$5004) -> 0 | AA18: =SUMIF('Cleaned Data'!$K$4:'Cleaned Data'!$K$5004,Calculations!X18,'Cleaned Data'!$H$4:$H$5004) -> 0 | AC18: 2040 | AD18: 2050 | AE18: 2040s | AF18: =SUM(BZ3:BZ153) -> 0 | AG18: =SUM(CA3:CA153) -> 0 | AH18: =SUM(CB3:CB153) -> 0 | AJ18: =IF(AND($AC$4<=$X18,$X18<$AD$4),Y18,0) -> 0 | AK18: =IF(AND($AC$4<=$X18,$X18<$AD$4),Z18,0) -> 0 | AL18: =IF(AND($AC$4<=$X18,$X18<$AD$4),AA18,0) -> 0 | AM18: =IF(AND($AC$5<=$X18,$X18<$AD$5),Y18,0) -> 0 | AN18: =IF(AND($AC$5<=$X18,$X18<$AD$5),Z18,0) -> 0 | AO18: =IF(AND($AC$5<=$X18,$X18<$AD$5),AA18,0) -> 0 | AP18: =IF(AND($AC$6<=$X18,$X18<$AD$6),Y18,0) -> 0 | AQ18: =IF(AND($AC$6<=$X18,$X18<$AD$6),Z18,0) -> 0 | AR18: =IF(AND($AC$6<=$X18,$X18<$AD$6),AA18,0) -> 0 | AS18: =IF(AND($AC$7<=$X18,$X18<$AD$7),Y18,0) -> 0 | AT18: =IF(AND($AC$7<=$X18,$X18<$AD$7),Z18,0) -> 0 | AU18: =IF(AND($AC$7<=$X18,$X18<$AD$7),AA18,0) -> 0 | AV18: =IF(AND($AC$8<=$X18,$X18<$AD$8),Y18,0) -> 0 | AW18: =IF(AND($AC$8<=$X18,$X18<$AD$8),Z18,0) -> 0 | AX18: =IF(AND($AC$8<=$X18,$X18<$AD$8),AA18,0) -> 0 | AY18: =IF(AND($AC$9<=$X18,$X18<$AD$9),Y18,0) -> 0 | AZ18: =IF(AND($AC$9<=$X18,$X18<$AD$9),Z18,0) -> 0 | BA18: =IF(AND($AC$9<=$X18,$X18<$AD$9),AA18,0) -> 0 | BB18: =IF(AND($AC$10<=$X18,$X18<$AD$10),Y18,0) -> 0 | BC18: =IF(AND($AC$10<=$X18,$X18<$AD$10),Z18,0) -> 0 | BD18: =IF(AND($AC$10<=$X18,$X18<$AD$10),AA18,0) -> 0 | BE18: =IF(AND($AC$11<=$X18,$X18<$AD$11),Y18,0) -> 0 | BF18: =IF(AND($AC$11<=$X18,$X18<$AD$11),Z18,0) -> 0 | BG18: =IF(AND($AC$11<=$X18,$X18<$AD$11),AA18,0) -> 0 | BH18: =IF(AND($AC$12<=$X18,$X18<$AD$12),Y18,0) -> 0 | BI18: =IF(AND($AC$12<=$X18,$X18<$AD$12),Z18,0) -> 0 | BJ18: =IF(AND($AC$12<=$X18,$X18<$AD$12),AA18,0) -> 0 | BK18: =IF(AND($AC$13<=$X18,$X18<$AD$13),Y18,0) -> 0 | BL18: =IF(AND($AC$13<=$X18,$X18<$AD$13),Z18,0) -> 0 | BM18: =IF(AND($AC$13<=$X18,$X18<$AD$13),AA18,0) -> 0 | BN18: =IF(AND($AC$14<=$X18,$X18<$AD$14),Y18,0) -> 0 | BO18: =IF(AND($AC$14<=$X18,$X18<$AD$14),Z18,0) -> 0 | BP18: =IF(AND($AC$14<=$X18,$X18<$AD$14),AA18,0) -> 0 | BQ18: =IF(AND($AC$15<=$X18,$X18<$AD$15),Y18,0) -> 0 | BR18: =IF(AND($AC$15<=$X18,$X18<$AD$15),Z18,0) -> 0 | BS18: =IF(AND($AC$15<=$X18,$X18<$AD$15),AA18,0) -> 0 | BT18: =IF(AND($AC$16<=$X18,$X18<$AD$16),Y18,0) -> 0 | BU18: =IF(AND($AC$16<=$X18,$X18<$AD$16),Z18,0) -> 0 | BV18: =IF(AND($AC$16<=$X18,$X18<$AD$16),AA18,0) -> 0 | BW18: =IF(AND($AC$17<=$X18,$X18<$AD$17),Y18,0) -> 0 | BX18: =IF(AND($AC$17<=$X18,$X18<$AD$17),Z18,0) -> 0 | BY18: =IF(AND($AC$17<=$X18,$X18<$AD$17),AA18,0) -> 0 | BZ18: =IF(AND($AC$18<=$X18,$X18<$AD$18),Y18,0) -> 0 | CA18: =IF(AND($AC$18<=$X18,$X18<$AD$18),Z18,0) -> 0 | CB18: =IF(AND($AC$18<=$X18,$X18<$AD$18),AA18,0) -> 0
B19: =IF('Summary Statistics'!$C$6=TRUE,Artists!$F18<B$3,Artists!$E18<B$3) -> FALSE | C19: =IF('Summary Statistics'!$C$6=TRUE,Artists!$F18<C$3,Artists!$E18<C$3) -> FALSE | D19: =IF('Summary Statistics'!$C$6=TRUE,Artists!$F18<D$3,Artists!$E18<D$3) -> FALSE | E19: =IF('Summary Statistics'!$C$6=TRUE,Artists!$F18<E$3,Artists!$E18<E$3) -> FALSE | F19: =IF('Summary Statistics'!$C$6=TRUE,Artists!$F18<F$3,Artists!$E18<F$3) -> FALSE | G19: =IF('Summary Statistics'!$C$6=TRUE,Artists!$F18<G$3,Artists!$E18<G$3) -> FALSE | H19: =IF('Summary Statistics'!$C$6=TRUE,Artists!$F18<H$3,Artists!$E18<H$3) -> FALSE | I19: =IF('Summary Statistics'!$C$6=TRUE,Artists!$F18<I$3,Artists!$E18<I$3) -> FALSE | ... K19: =IF('Summary Statistics'!$C$6=TRUE,Artists!$F18<K$3,Artists!$E18<K$3) -> FALSE | M19: =IF('Summary Statistics'!$C$7=TRUE,Albums!$F18<M$3,Albums!$E18<M$3) -> FALSE | N19: =IF('Summary Statistics'!$C$7=TRUE,Albums!$F18<N$3,Albums!$E18<N$3) -> FALSE | O19: =IF('Summary Statistics'!$C$7=TRUE,Albums!$F18<O$3,Albums!$E18<O$3) -> FALSE | P19: =IF('Summary Statistics'!$C$7=TRUE,Albums!$F18<P$3,Albums!$E18<P$3) -> FALSE | Q19: =IF('Summary Statistics'!$C$7=TRUE,Albums!$F18<Q$3,Albums!$E18<Q$3) -> FALSE | R19: =IF('Summary Statistics'!$C$7=TRUE,Albums!$F18<R$3,Albums!$E18<R$3) -> FALSE | S19: =IF('Summary Statistics'!$C$7=TRUE,Albums!$F18<S$3,Albums!$E18<S$3) -> FALSE | T19: =IF('Summary Statistics'!$C$7=TRUE,Albums!$F18<T$3,Albums!$E18<T$3) -> FALSE | ... V19: =IF('Summary Statistics'!$C$7=TRUE,Albums!$F18<V$3,Albums!$E18<V$3) -> FALSE | X19: =1+X18 -> 1916 | Y19: =COUNTIF('Cleaned Data'!$K$4:$K$5004,X19) -> 0 | Z19: =SUMIF('Cleaned Data'!$K$4:'Cleaned Data'!$K$5004,Calculations!X19,'Cleaned Data'!$J$4:$J$5004) -> 0 | AA19: =SUMIF('Cleaned Data'!$K$4:'Cleaned Data'!$K$5004,Calculations!X19,'Cleaned Data'!$H$4:$H$5004) -> 0 | AJ19: =IF(AND($AC$4<=$X19,$X19<$AD$4),Y19,0) -> 0 | AK19: =IF(AND($AC$4<=$X19,$X19<$AD$4),Z19,0) -> 0 | AL19: =IF(AND($AC$4<=$X19,$X19<$AD$4),AA19,0) -> 0 | AM19: =IF(AND($AC$5<=$X19,$X19<$AD$5),Y19,0) -> 0 | AN19: =IF(AND($AC$5<=$X19,$X19<$AD$5),Z19,0) -> 0 | AO19: =IF(AND($AC$5<=$X19,$X19<$AD$5),AA19,0) -> 0 | AP19: =IF(AND($AC$6<=$X19,$X19<$AD$6),Y19,0) -> 0 | AQ19: =IF(AND($AC$6<=$X19,$X19<$AD$6),Z19,0) -> 0 | AR19: =IF(AND($AC$6<=$X19,$X19<$AD$6),AA19,0) -> 0 | AS19: =IF(AND($AC$7<=$X19,$X19<$AD$7),Y19,0) -> 0 | AT19: =IF(AND($AC$7<=$X19,$X19<$AD$7),Z19,0) -> 0 | AU19: =IF(AND($AC$7<=$X19,$X19<$AD$7),AA19,0) -> 0 | AV19: =IF(AND($AC$8<=$X19,$X19<$AD$8),Y19,0) -> 0 | AW19: =IF(AND($AC$8<=$X19,$X19<$AD$8),Z19,0) -> 0 | AX19: =IF(AND($AC$8<=$X19,$X19<$AD$8),AA19,0) -> 0 | AY19: =IF(AND($AC$9<=$X19,$X19<$AD$9),Y19,0) -> 0 | AZ19: =IF(AND($AC$9<=$X19,$X19<$AD$9),Z19,0) -> 0 | BA19: =IF(AND($AC$9<=$X19,$X19<$AD$9),AA19,0) -> 0 | BB19: =IF(AND($AC$10<=$X19,$X19<$AD$10),Y19,0) -> 0 | BC19: =IF(AND($AC$10<=$X19,$X19<$AD$10),Z19,0) -> 0 | BD19: =IF(AND($AC$10<=$X19,$X19<$AD$10),AA19,0) -> 0 | BE19: =IF(AND($AC$11<=$X19,$X19<$AD$11),Y19,0) -> 0 | BF19: =IF(AND($AC$11<=$X19,$X19<$AD$11),Z19,0) -> 0 | BG19: =IF(AND($AC$11<=$X19,$X19<$AD$11),AA19,0) -> 0 | BH19: =IF(AND($AC$12<=$X19,$X19<$AD$12),Y19,0) -> 0 | BI19: =IF(AND($AC$12<=$X19,$X19<$AD$12),Z19,0) -> 0 | BJ19: =IF(AND($AC$12<=$X19,$X19<$AD$12),AA19,0) -> 0 | BK19: =IF(AND($AC$13<=$X19,$X19<$AD$13),Y19,0) -> 0 | BL19: =IF(AND($AC$13<=$X19,$X19<$AD$13),Z19,0) -> 0 | BM19: =IF(AND($AC$13<=$X19,$X19<$AD$13),AA19,0) -> 0 | BN19: =IF(AND($AC$14<=$X19,$X19<$AD$14),Y19,0) -> 0 | BO19: =IF(AND($AC$14<=$X19,$X19<$AD$14),Z19,0) -> 0 | BP19: =IF(AND($AC$14<=$X19,$X19<$AD$14),AA19,0) -> 0 | BQ19: =IF(AND($AC$15<=$X19,$X19<$AD$15),Y19,0) -> 0 | BR19: =IF(AND($AC$15<=$X19,$X19<$AD$15),Z19,0) -> 0 | BS19: =IF(AND($AC$15<=$X19,$X19<$AD$15),AA19,0) -> 0 | BT19: =IF(AND($AC$16<=$X19,$X19<$AD$16),Y19,0) -> 0 | BU19: =IF(AND($AC$16<=$X19,$X19<$AD$16),Z19,0) -> 0 | BV19: =IF(AND($AC$16<=$X19,$X19<$AD$16),AA19,0) -> 0 | BW19: =IF(AND($AC$17<=$X19,$X19<$AD$17),Y19,0) -> 0 | BX19: =IF(AND($AC$17<=$X19,$X19<$AD$17),Z19,0) -> 0 | BY19: =IF(AND($AC$17<=$X19,$X19<$AD$17),AA19,0) -> 0 | BZ19: =IF(AND($AC$18<=$X19,$X19<$AD$18),Y19,0) -> 0 | CA19: =IF(AND($AC$18<=$X19,$X19<$AD$18),Z19,0) -> 0 | CB19: =IF(AND($AC$18<=$X19,$X19<$AD$18),AA19,0) -> 0
B20: =IF('Summary Statistics'!$C$6=TRUE,Artists!$F19<B$3,Artists!$E19<B$3) -> FALSE | C20: =IF('Summary Statistics'!$C$6=TRUE,Artists!$F19<C$3,Artists!$E19<C$3) -> FALSE | D20: =IF('Summary Statistics'!$C$6=TRUE,Artists!$F19<D$3,Artists!$E19<D$3) -> FALSE | E20: =IF('Summary Statistics'!$C$6=TRUE,Artists!$F19<E$3,Artists!$E19<E$3) -> FALSE | F20: =IF('Summary Statistics'!$C$6=TRUE,Artists!$F19<F$3,Artists!$E19<F$3) -> FALSE | G20: =IF('Summary Statistics'!$C$6=TRUE,Artists!$F19<G$3,Artists!$E19<G$3) -> FALSE | H20: =IF('Summary Statistics'!$C$6=TRUE,Artists!$F19<H$3,Artists!$E19<H$3) -> FALSE | I20: =IF('Summary Statistics'!$C$6=TRUE,Artists!$F19<I$3,Artists!$E19<I$3) -> FALSE | ... K20: =IF('Summary Statistics'!$C$6=TRUE,Artists!$F19<K$3,Artists!$E19<K$3) -> FALSE | M20: =IF('Summary Statistics'!$C$7=TRUE,Albums!$F19<M$3,Albums!$E19<M$3) -> FALSE | N20: =IF('Summary Statistics'!$C$7=TRUE,Albums!$F19<N$3,Albums!$E19<N$3) -> FALSE | O20: =IF('Summary Statistics'!$C$7=TRUE,Albums!$F19<O$3,Albums!$E19<O$3) -> FALSE | P20: =IF('Summary Statistics'!$C$7=TRUE,Albums!$F19<P$3,Albums!$E19<P$3) -> FALSE | Q20: =IF('Summary Statistics'!$C$7=TRUE,Albums!$F19<Q$3,Albums!$E19<Q$3) -> FALSE | R20: =IF('Summary Statistics'!$C$7=TRUE,Albums!$F19<R$3,Albums!$E19<R$3) -> FALSE | S20: =IF('Summary Statistics'!$C$7=TRUE,Albums!$F19<S$3,Albums!$E19<S$3) -> FALSE | T20: =IF('Summary Statistics'!$C$7=TRUE,Albums!$F19<T$3,Albums!$E19<T$3) -> FALSE | ... V20: =IF('Summary Statistics'!$C$7=TRUE,Albums!$F19<V$3,Albums!$E19<V$3) -> FALSE | X20: =1+X19 -> 1917 | Y20: =COUNTIF('Cleaned Data'!$K$4:$K$5004,X20) -> 0 | Z20: =SUMIF('Cleaned Data'!$K$4:'Cleaned Data'!$K$5004,Calculations!X20,'Cleaned Data'!$J$4:$J$5004) -> 0 | AA20: =SUMIF('Cleaned Data'!$K$4:'Cleaned Data'!$K$5004,Calculations!X20,'Cleaned Data'!$H$4:$H$5004) -> 0 | AJ20: =IF(AND($AC$4<=$X20,$X20<$AD$4),Y20,0) -> 0 | AK20: =IF(AND($AC$4<=$X20,$X20<$AD$4),Z20,0) -> 0 | AL20: =IF(AND($AC$4<=$X20,$X20<$AD$4),AA20,0) -> 0 | AM20: =IF(AND($AC$5<=$X20,$X20<$AD$5),Y20,0) -> 0 | AN20: =IF(AND($AC$5<=$X20,$X20<$AD$5),Z20,0) -> 0 | AO20: =IF(AND($AC$5<=$X20,$X20<$AD$5),AA20,0) -> 0 | AP20: =IF(AND($AC$6<=$X20,$X20<$AD$6),Y20,0) -> 0 | AQ20: =IF(AND($AC$6<=$X20,$X20<$AD$6),Z20,0) -> 0 | AR20: =IF(AND($AC$6<=$X20,$X20<$AD$6),AA20,0) -> 0 | AS20: =IF(AND($AC$7<=$X20,$X20<$AD$7),Y20,0) -> 0 | AT20: =IF(AND($AC$7<=$X20,$X20<$AD$7),Z20,0) -> 0 | AU20: =IF(AND($AC$7<=$X20,$X20<$AD$7),AA20,0) -> 0 | AV20: =IF(AND($AC$8<=$X20,$X20<$AD$8),Y20,0) -> 0 | AW20: =IF(AND($AC$8<=$X20,$X20<$AD$8),Z20,0) -> 0 | AX20: =IF(AND($AC$8<=$X20,$X20<$AD$8),AA20,0) -> 0 | AY20: =IF(AND($AC$9<=$X20,$X20<$AD$9),Y20,0) -> 0 | AZ20: =IF(AND($AC$9<=$X20,$X20<$AD$9),Z20,0) -> 0 | BA20: =IF(AND($AC$9<=$X20,$X20<$AD$9),AA20,0) -> 0 | BB20: =IF(AND($AC$10<=$X20,$X20<$AD$10),Y20,0) -> 0 | BC20: =IF(AND($AC$10<=$X20,$X20<$AD$10),Z20,0) -> 0 | BD20: =IF(AND($AC$10<=$X20,$X20<$AD$10),AA20,0) -> 0 | BE20: =IF(AND($AC$11<=$X20,$X20<$AD$11),Y20,0) -> 0 | BF20: =IF(AND($AC$11<=$X20,$X20<$AD$11),Z20,0) -> 0 | BG20: =IF(AND($AC$11<=$X20,$X20<$AD$11),AA20,0) -> 0 | BH20: =IF(AND($AC$12<=$X20,$X20<$AD$12),Y20,0) -> 0 | BI20: =IF(AND($AC$12<=$X20,$X20<$AD$12),Z20,0) -> 0 | BJ20: =IF(AND($AC$12<=$X20,$X20<$AD$12),AA20,0) -> 0 | BK20: =IF(AND($AC$13<=$X20,$X20<$AD$13),Y20,0) -> 0 | BL20: =IF(AND($AC$13<=$X20,$X20<$AD$13),Z20,0) -> 0 | BM20: =IF(AND($AC$13<=$X20,$X20<$AD$13),AA20,0) -> 0 | BN20: =IF(AND($AC$14<=$X20,$X20<$AD$14),Y20,0) -> 0 | BO20: =IF(AND($AC$14<=$X20,$X20<$AD$14),Z20,0) -> 0 | BP20: =IF(AND($AC$14<=$X20,$X20<$AD$14),AA20,0) -> 0 | BQ20: =IF(AND($AC$15<=$X20,$X20<$AD$15),Y20,0) -> 0 | BR20: =IF(AND($AC$15<=$X20,$X20<$AD$15),Z20,0) -> 0 | BS20: =IF(AND($AC$15<=$X20,$X20<$AD$15),AA20,0) -> 0 | BT20: =IF(AND($AC$16<=$X20,$X20<$AD$16),Y20,0) -> 0 | BU20: =IF(AND($AC$16<=$X20,$X20<$AD$16),Z20,0) -> 0 | BV20: =IF(AND($AC$16<=$X20,$X20<$AD$16),AA20,0) -> 0 | BW20: =IF(AND($AC$17<=$X20,$X20<$AD$17),Y20,0) -> 0 | BX20: =IF(AND($AC$17<=$X20,$X20<$AD$17),Z20,0) -> 0 | BY20: =IF(AND($AC$17<=$X20,$X20<$AD$17),AA20,0) -> 0 | BZ20: =IF(AND($AC$18<=$X20,$X20<$AD$18),Y20,0) -> 0 | CA20: =IF(AND($AC$18<=$X20,$X20<$AD$18),Z20,0) -> 0 | CB20: =IF(AND($AC$18<=$X20,$X20<$AD$18),AA20,0) -> 0
B21: =IF('Summary Statistics'!$C$6=TRUE,Artists!$F20<B$3,Artists!$E20<B$3) -> FALSE | C21: =IF('Summary Statistics'!$C$6=TRUE,Artists!$F20<C$3,Artists!$E20<C$3) -> FALSE | D21: =IF('Summary Statistics'!$C$6=TRUE,Artists!$F20<D$3,Artists!$E20<D$3) -> FALSE | E21: =IF('Summary Statistics'!$C$6=TRUE,Artists!$F20<E$3,Artists!$E20<E$3) -> FALSE | F21: =IF('Summary Statistics'!$C$6=TRUE,Artists!$F20<F$3,Artists!$E20<F$3) -> FALSE | G21: =IF('Summary Statistics'!$C$6=TRUE,Artists!$F20<G$3,Artists!$E20<G$3) -> FALSE | H21: =IF('Summary Statistics'!$C$6=TRUE,Artists!$F20<H$3,Artists!$E20<H$3) -> FALSE | I21: =IF('Summary Statistics'!$C$6=TRUE,Artists!$F20<I$3,Artists!$E20<I$3) -> FALSE | ... K21: =IF('Summary Statistics'!$C$6=TRUE,Artists!$F20<K$3,Artists!$E20<K$3) -> FALSE | M21: =IF('Summary Statistics'!$C$7=TRUE,Albums!$F20<M$3,Albums!$E20<M$3) -> FALSE | N21: =IF('Summary Statistics'!$C$7=TRUE,Albums!$F20<N$3,Albums!$E20<N$3) -> FALSE | O21: =IF('Summary Statistics'!$C$7=TRUE,Albums!$F20<O$3,Albums!$E20<O$3) -> FALSE | P21: =IF('Summary Statistics'!$C$7=TRUE,Albums!$F20<P$3,Albums!$E20<P$3) -> FALSE | Q21: =IF('Summary Statistics'!$C$7=TRUE,Albums!$F20<Q$3,Albums!$E20<Q$3) -> FALSE | R21: =IF('Summary Statistics'!$C$7=TRUE,Albums!$F20<R$3,Albums!$E20<R$3) -> FALSE | S21: =IF('Summary Statistics'!$C$7=TRUE,Albums!$F20<S$3,Albums!$E20<S$3) -> FALSE | T21: =IF('Summary Statistics'!$C$7=TRUE,Albums!$F20<T$3,Albums!$E20<T$3) -> FALSE | ... V21: =IF('Summary Statistics'!$C$7=TRUE,Albums!$F20<V$3,Albums!$E20<V$3) -> FALSE | X21: =1+X20 -> 1918 | Y21: =COUNTIF('Cleaned Data'!$K$4:$K$5004,X21) -> 0 | Z21: =SUMIF('Cleaned Data'!$K$4:'Cleaned Data'!$K$5004,Calculations!X21,'Cleaned Data'!$J$4:$J$5004) -> 0 | AA21: =SUMIF('Cleaned Data'!$K$4:'Cleaned Data'!$K$5004,Calculations!X21,'Cleaned Data'!$H$4:$H$5004) -> 0 | AJ21: =IF(AND($AC$4<=$X21,$X21<$AD$4),Y21,0) -> 0 | AK21: =IF(AND($AC$4<=$X21,$X21<$AD$4),Z21,0) -> 0 | AL21: =IF(AND($AC$4<=$X21,$X21<$AD$4),AA21,0) -> 0 | AM21: =IF(AND($AC$5<=$X21,$X21<$AD$5),Y21,0) -> 0 | AN21: =IF(AND($AC$5<=$X21,$X21<$AD$5),Z21,0) -> 0 | AO21: =IF(AND($AC$5<=$X21,$X21<$AD$5),AA21,0) -> 0 | AP21: =IF(AND($AC$6<=$X21,$X21<$AD$6),Y21,0) -> 0 | AQ21: =IF(AND($AC$6<=$X21,$X21<$AD$6),Z21,0) -> 0 | AR21: =IF(AND($AC$6<=$X21,$X21<$AD$6),AA21,0) -> 0 | AS21: =IF(AND($AC$7<=$X21,$X21<$AD$7),Y21,0) -> 0 | AT21: =IF(AND($AC$7<=$X21,$X21<$AD$7),Z21,0) -> 0 | AU21: =IF(AND($AC$7<=$X21,$X21<$AD$7),AA21,0) -> 0 | AV21: =IF(AND($AC$8<=$X21,$X21<$AD$8),Y21,0) -> 0 | AW21: =IF(AND($AC$8<=$X21,$X21<$AD$8),Z21,0) -> 0 | AX21: =IF(AND($AC$8<=$X21,$X21<$AD$8),AA21,0) -> 0 | AY21: =IF(AND($AC$9<=$X21,$X21<$AD$9),Y21,0) -> 0 | AZ21: =IF(AND($AC$9<=$X21,$X21<$AD$9),Z21,0) -> 0 | BA21: =IF(AND($AC$9<=$X21,$X21<$AD$9),AA21,0) -> 0 | BB21: =IF(AND($AC$10<=$X21,$X21<$AD$10),Y21,0) -> 0 | BC21: =IF(AND($AC$10<=$X21,$X21<$AD$10),Z21,0) -> 0 | BD21: =IF(AND($AC$10<=$X21,$X21<$AD$10),AA21,0) -> 0 | BE21: =IF(AND($AC$11<=$X21,$X21<$AD$11),Y21,0) -> 0 | BF21: =IF(AND($AC$11<=$X21,$X21<$AD$11),Z21,0) -> 0 | BG21: =IF(AND($AC$11<=$X21,$X21<$AD$11),AA21,0) -> 0 | BH21: =IF(AND($AC$12<=$X21,$X21<$AD$12),Y21,0) -> 0 | BI21: =IF(AND($AC$12<=$X21,$X21<$AD$12),Z21,0) -> 0 | BJ21: =IF(AND($AC$12<=$X21,$X21<$AD$12),AA21,0) -> 0 | BK21: =IF(AND($AC$13<=$X21,$X21<$AD$13),Y21,0) -> 0 | BL21: =IF(AND($AC$13<=$X21,$X21<$AD$13),Z21,0) -> 0 | BM21: =IF(AND($AC$13<=$X21,$X21<$AD$13),AA21,0) -> 0 | BN21: =IF(AND($AC$14<=$X21,$X21<$AD$14),Y21,0) -> 0 | BO21: =IF(AND($AC$14<=$X21,$X21<$AD$14),Z21,0) -> 0 | BP21: =IF(AND($AC$14<=$X21,$X21<$AD$14),AA21,0) -> 0 | BQ21: =IF(AND($AC$15<=$X21,$X21<$AD$15),Y21,0) -> 0 | BR21: =IF(AND($AC$15<=$X21,$X21<$AD$15),Z21,0) -> 0 | BS21: =IF(AND($AC$15<=$X21,$X21<$AD$15),AA21,0) -> 0 | BT21: =IF(AND($AC$16<=$X21,$X21<$AD$16),Y21,0) -> 0 | BU21: =IF(AND($AC$16<=$X21,$X21<$AD$16),Z21,0) -> 0 | BV21: =IF(AND($AC$16<=$X21,$X21<$AD$16),AA21,0) -> 0 | BW21: =IF(AND($AC$17<=$X21,$X21<$AD$17),Y21,0) -> 0 | BX21: =IF(AND($AC$17<=$X21,$X21<$AD$17),Z21,0) -> 0 | BY21: =IF(AND($AC$17<=$X21,$X21<$AD$17),AA21,0) -> 0 | BZ21: =IF(AND($AC$18<=$X21,$X21<$AD$18),Y21,0) -> 0 | CA21: =IF(AND($AC$18<=$X21,$X21<$AD$18),Z21,0) -> 0 | CB21: =IF(AND($AC$18<=$X21,$X21<$AD$18),AA21,0) -> 0
B22: =IF('Summary Statistics'!$C$6=TRUE,Artists!$F21<B$3,Artists!$E21<B$3) -> FALSE | C22: =IF('Summary Statistics'!$C$6=TRUE,Artists!$F21<C$3,Artists!$E21<C$3) -> FALSE | D22: =IF('Summary Statistics'!$C$6=TRUE,Artists!$F21<D$3,Artists!$E21<D$3) -> FALSE | E22: =IF('Summary Statistics'!$C$6=TRUE,Artists!$F21<E$3,Artists!$E21<E$3) -> FALSE | F22: =IF('Summary Statistics'!$C$6=TRUE,Artists!$F21<F$3,Artists!$E21<F$3) -> FALSE | G22: =IF('Summary Statistics'!$C$6=TRUE,Artists!$F21<G$3,Artists!$E21<G$3) -> FALSE | H22: =IF('Summary Statistics'!$C$6=TRUE,Artists!$F21<H$3,Artists!$E21<H$3) -> FALSE | I22: =IF('Summary Statistics'!$C$6=TRUE,Artists!$F21<I$3,Artists!$E21<I$3) -> FALSE | ... K22: =IF('Summary Statistics'!$C$6=TRUE,Artists!$F21<K$3,Artists!$E21<K$3) -> FALSE | M22: =IF('Summary Statistics'!$C$7=TRUE,Albums!$F21<M$3,Albums!$E21<M$3) -> FALSE | N22: =IF('Summary Statistics'!$C$7=TRUE,Albums!$F21<N$3,Albums!$E21<N$3) -> FALSE | O22: =IF('Summary Statistics'!$C$7=TRUE,Albums!$F21<O$3,Albums!$E21<O$3) -> FALSE | P22: =IF('Summary Statistics'!$C$7=TRUE,Albums!$F21<P$3,Albums!$E21<P$3) -> FALSE | Q22: =IF('Summary Statistics'!$C$7=TRUE,Albums!$F21<Q$3,Albums!$E21<Q$3) -> FALSE | R22: =IF('Summary Statistics'!$C$7=TRUE,Albums!$F21<R$3,Albums!$E21<R$3) -> FALSE | S22: =IF('Summary Statistics'!$C$7=TRUE,Albums!$F21<S$3,Albums!$E21<S$3) -> FALSE | T22: =IF('Summary Statistics'!$C$7=TRUE,Albums!$F21<T$3,Albums!$E21<T$3) -> FALSE | ... V22: =IF('Summary Statistics'!$C$7=TRUE,Albums!$F21<V$3,Albums!$E21<V$3) -> FALSE | X22: =1+X21 -> 1919 | Y22: =COUNTIF('Cleaned Data'!$K$4:$K$5004,X22) -> 0 | Z22: =SUMIF('Cleaned Data'!$K$4:'Cleaned Data'!$K$5004,Calculations!X22,'Cleaned Data'!$J$4:$J$5004) -> 0 | AA22: =SUMIF('Cleaned Data'!$K$4:'Cleaned Data'!$K$5004,Calculations!X22,'Cleaned Data'!$H$4:$H$5004) -> 0 | AJ22: =IF(AND($AC$4<=$X22,$X22<$AD$4),Y22,0) -> 0 | AK22: =IF(AND($AC$4<=$X22,$X22<$AD$4),Z22,0) -> 0 | AL22: =IF(AND($AC$4<=$X22,$X22<$AD$4),AA22,0) -> 0 | AM22: =IF(AND($AC$5<=$X22,$X22<$AD$5),Y22,0) -> 0 | AN22: =IF(AND($AC$5<=$X22,$X22<$AD$5),Z22,0) -> 0 | AO22: =IF(AND($AC$5<=$X22,$X22<$AD$5),AA22,0) -> 0 | AP22: =IF(AND($AC$6<=$X22,$X22<$AD$6),Y22,0) -> 0 | AQ22: =IF(AND($AC$6<=$X22,$X22<$AD$6),Z22,0) -> 0 | AR22: =IF(AND($AC$6<=$X22,$X22<$AD$6),AA22,0) -> 0 | AS22: =IF(AND($AC$7<=$X22,$X22<$AD$7),Y22,0) -> 0 | AT22: =IF(AND($AC$7<=$X22,$X22<$AD$7),Z22,0) -> 0 | AU22: =IF(AND($AC$7<=$X22,$X22<$AD$7),AA22,0) -> 0 | AV22: =IF(AND($AC$8<=$X22,$X22<$AD$8),Y22,0) -> 0 | AW22: =IF(AND($AC$8<=$X22,$X22<$AD$8),Z22,0) -> 0 | AX22: =IF(AND($AC$8<=$X22,$X22<$AD$8),AA22,0) -> 0 | AY22: =IF(AND($AC$9<=$X22,$X22<$AD$9),Y22,0) -> 0 | AZ22: =IF(AND($AC$9<=$X22,$X22<$AD$9),Z22,0) -> 0 | BA22: =IF(AND($AC$9<=$X22,$X22<$AD$9),AA22,0) -> 0 | BB22: =IF(AND($AC$10<=$X22,$X22<$AD$10),Y22,0) -> 0 | BC22: =IF(AND($AC$10<=$X22,$X22<$AD$10),Z22,0) -> 0 | BD22: =IF(AND($AC$10<=$X22,$X22<$AD$10),AA22,0) -> 0 | BE22: =IF(AND($AC$11<=$X22,$X22<$AD$11),Y22,0) -> 0 | BF22: =IF(AND($AC$11<=$X22,$X22<$AD$11),Z22,0) -> 0 | BG22: =IF(AND($AC$11<=$X22,$X22<$AD$11),AA22,0) -> 0 | BH22: =IF(AND($AC$12<=$X22,$X22<$AD$12),Y22,0) -> 0 | BI22: =IF(AND($AC$12<=$X22,$X22<$AD$12),Z22,0) -> 0 | BJ22: =IF(AND($AC$12<=$X22,$X22<$AD$12),AA22,0) -> 0 | BK22: =IF(AND($AC$13<=$X22,$X22<$AD$13),Y22,0) -> 0 | BL22: =IF(AND($AC$13<=$X22,$X22<$AD$13),Z22,0) -> 0 | BM22: =IF(AND($AC$13<=$X22,$X22<$AD$13),AA22,0) -> 0 | BN22: =IF(AND($AC$14<=$X22,$X22<$AD$14),Y22,0) -> 0 | BO22: =IF(AND($AC$14<=$X22,$X22<$AD$14),Z22,0) -> 0 | BP22: =IF(AND($AC$14<=$X22,$X22<$AD$14),AA22,0) -> 0 | BQ22: =IF(AND($AC$15<=$X22,$X22<$AD$15),Y22,0) -> 0 | BR22: =IF(AND($AC$15<=$X22,$X22<$AD$15),Z22,0) -> 0 | BS22: =IF(AND($AC$15<=$X22,$X22<$AD$15),AA22,0) -> 0 | BT22: =IF(AND($AC$16<=$X22,$X22<$AD$16),Y22,0) -> 0 | BU22: =IF(AND($AC$16<=$X22,$X22<$AD$16),Z22,0) -> 0 | BV22: =IF(AND($AC$16<=$X22,$X22<$AD$16),AA22,0) -> 0 | BW22: =IF(AND($AC$17<=$X22,$X22<$AD$17),Y22,0) -> 0 | BX22: =IF(AND($AC$17<=$X22,$X22<$AD$17),Z22,0) -> 0 | BY22: =IF(AND($AC$17<=$X22,$X22<$AD$17),AA22,0) -> 0 | BZ22: =IF(AND($AC$18<=$X22,$X22<$AD$18),Y22,0) -> 0 | CA22: =IF(AND($AC$18<=$X22,$X22<$AD$18),Z22,0) -> 0 | CB22: =IF(AND($AC$18<=$X22,$X22<$AD$18),AA22,0) -> 0
B23: =IF('Summary Statistics'!$C$6=TRUE,Artists!$F22<B$3,Artists!$E22<B$3) -> FALSE | C23: =IF('Summary Statistics'!$C$6=TRUE,Artists!$F22<C$3,Artists!$E22<C$3) -> FALSE | D23: =IF('Summary Statistics'!$C$6=TRUE,Artists!$F22<D$3,Artists!$E22<D$3) -> FALSE | E23: =IF('Summary Statistics'!$C$6=TRUE,Artists!$F22<E$3,Artists!$E22<E$3) -> FALSE | F23: =IF('Summary Statistics'!$C$6=TRUE,Artists!$F22<F$3,Artists!$E22<F$3) -> FALSE | G23: =IF('Summary Statistics'!$C$6=TRUE,Artists!$F22<G$3,Artists!$E22<G$3) -> FALSE | H23: =IF('Summary Statistics'!$C$6=TRUE,Artists!$F22<H$3,Artists!$E22<H$3) -> FALSE | I23: =IF('Summary Statistics'!$C$6=TRUE,Artists!$F22<I$3,Artists!$E22<I$3) -> FALSE | ... K23: =IF('Summary Statistics'!$C$6=TRUE,Artists!$F22<K$3,Artists!$E22<K$3) -> FALSE | M23: =IF('Summary Statistics'!$C$7=TRUE,Albums!$F22<M$3,Albums!$E22<M$3) -> FALSE | N23: =IF('Summary Statistics'!$C$7=TRUE,Albums!$F22<N$3,Albums!$E22<N$3) -> FALSE | O23: =IF('Summary Statistics'!$C$7=TRUE,Albums!$F22<O$3,Albums!$E22<O$3) -> FALSE | P23: =IF('Summary Statistics'!$C$7=TRUE,Albums!$F22<P$3,Albums!$E22<P$3) -> FALSE | Q23: =IF('Summary Statistics'!$C$7=TRUE,Albums!$F22<Q$3,Albums!$E22<Q$3) -> FALSE | R23: =IF('Summary Statistics'!$C$7=TRUE,Albums!$F22<R$3,Albums!$E22<R$3) -> FALSE | S23: =IF('Summary Statistics'!$C$7=TRUE,Albums!$F22<S$3,Albums!$E22<S$3) -> FALSE | T23: =IF('Summary Statistics'!$C$7=TRUE,Albums!$F22<T$3,Albums!$E22<T$3) -> FALSE | ... V23: =IF('Summary Statistics'!$C$7=TRUE,Albums!$F22<V$3,Albums!$E22<V$3) -> FALSE | X23: =1+X22 -> 1920 | Y23: =COUNTIF('Cleaned Data'!$K$4:$K$5004,X23) -> 0 | Z23: =SUMIF('Cleaned Data'!$K$4:'Cleaned Data'!$K$5004,Calculations!X23,'Cleaned Data'!$J$4:$J$5004) -> 0 | AA23: =SUMIF('Cleaned Data'!$K$4:'Cleaned Data'!$K$5004,Calculations!X23,'Cleaned Data'!$H$4:$H$5004) -> 0 | AJ23: =IF(AND($AC$4<=$X23,$X23<$AD$4),Y23,0) -> 0 | AK23: =IF(AND($AC$4<=$X23,$X23<$AD$4),Z23,0) -> 0 | AL23: =IF(AND($AC$4<=$X23,$X23<$AD$4),AA23,0) -> 0 | AM23: =IF(AND($AC$5<=$X23,$X23<$AD$5),Y23,0) -> 0 | AN23: =IF(AND($AC$5<=$X23,$X23<$AD$5),Z23,0) -> 0 | AO23: =IF(AND($AC$5<=$X23,$X23<$AD$5),AA23,0) -> 0 | AP23: =IF(AND($AC$6<=$X23,$X23<$AD$6),Y23,0) -> 0 | AQ23: =IF(AND($AC$6<=$X23,$X23<$AD$6),Z23,0) -> 0 | AR23: =IF(AND($AC$6<=$X23,$X23<$AD$6),AA23,0) -> 0 | AS23: =IF(AND($AC$7<=$X23,$X23<$AD$7),Y23,0) -> 0 | AT23: =IF(AND($AC$7<=$X23,$X23<$AD$7),Z23,0) -> 0 | AU23: =IF(AND($AC$7<=$X23,$X23<$AD$7),AA23,0) -> 0 | AV23: =IF(AND($AC$8<=$X23,$X23<$AD$8),Y23,0) -> 0 | AW23: =IF(AND($AC$8<=$X23,$X23<$AD$8),Z23,0) -> 0 | AX23: =IF(AND($AC$8<=$X23,$X23<$AD$8),AA23,0) -> 0 | AY23: =IF(AND($AC$9<=$X23,$X23<$AD$9),Y23,0) -> 0 | AZ23: =IF(AND($AC$9<=$X23,$X23<$AD$9),Z23,0) -> 0 | BA23: =IF(AND($AC$9<=$X23,$X23<$AD$9),AA23,0) -> 0 | BB23: =IF(AND($AC$10<=$X23,$X23<$AD$10),Y23,0) -> 0 | BC23: =IF(AND($AC$10<=$X23,$X23<$AD$10),Z23,0) -> 0 | BD23: =IF(AND($AC$10<=$X23,$X23<$AD$10),AA23,0) -> 0 | BE23: =IF(AND($AC$11<=$X23,$X23<$AD$11),Y23,0) -> 0 | BF23: =IF(AND($AC$11<=$X23,$X23<$AD$11),Z23,0) -> 0 | BG23: =IF(AND($AC$11<=$X23,$X23<$AD$11),AA23,0) -> 0 | BH23: =IF(AND($AC$12<=$X23,$X23<$AD$12),Y23,0) -> 0 | BI23: =IF(AND($AC$12<=$X23,$X23<$AD$12),Z23,0) -> 0 | BJ23: =IF(AND($AC$12<=$X23,$X23<$AD$12),AA23,0) -> 0 | BK23: =IF(AND($AC$13<=$X23,$X23<$AD$13),Y23,0) -> 0 | BL23: =IF(AND($AC$13<=$X23,$X23<$AD$13),Z23,0) -> 0 | BM23: =IF(AND($AC$13<=$X23,$X23<$AD$13),AA23,0) -> 0 | BN23: =IF(AND($AC$14<=$X23,$X23<$AD$14),Y23,0) -> 0 | BO23: =IF(AND($AC$14<=$X23,$X23<$AD$14),Z23,0) -> 0 | BP23: =IF(AND($AC$14<=$X23,$X23<$AD$14),AA23,0) -> 0 | BQ23: =IF(AND($AC$15<=$X23,$X23<$AD$15),Y23,0) -> 0 | BR23: =IF(AND($AC$15<=$X23,$X23<$AD$15),Z23,0) -> 0 | BS23: =IF(AND($AC$15<=$X23,$X23<$AD$15),AA23,0) -> 0 | BT23: =IF(AND($AC$16<=$X23,$X23<$AD$16),Y23,0) -> 0 | BU23: =IF(AND($AC$16<=$X23,$X23<$AD$16),Z23,0) -> 0 | BV23: =IF(AND($AC$16<=$X23,$X23<$AD$16),AA23,0) -> 0 | BW23: =IF(AND($AC$17<=$X23,$X23<$AD$17),Y23,0) -> 0 | BX23: =IF(AND($AC$17<=$X23,$X23<$AD$17),Z23,0) -> 0 | BY23: =IF(AND($AC$17<=$X23,$X23<$AD$17),AA23,0) -> 0 | BZ23: =IF(AND($AC$18<=$X23,$X23<$AD$18),Y23,0) -> 0 | CA23: =IF(AND($AC$18<=$X23,$X23<$AD$18),Z23,0) -> 0 | CB23: =IF(AND($AC$18<=$X23,$X23<$AD$18),AA23,0) -> 0
B24: =IF('Summary Statistics'!$C$6=TRUE,Artists!$F23<B$3,Artists!$E23<B$3) -> FALSE | C24: =IF('Summary Statistics'!$C$6=TRUE,Artists!$F23<C$3,Artists!$E23<C$3) -> FALSE | D24: =IF('Summary Statistics'!$C$6=TRUE,Artists!$F23<D$3,Artists!$E23<D$3) -> FALSE | E24: =IF('Summary Statistics'!$C$6=TRUE,Artists!$F23<E$3,Artists!$E23<E$3) -> FALSE | F24: =IF('Summary Statistics'!$C$6=TRUE,Artists!$F23<F$3,Artists!$E23<F$3) -> FALSE | G24: =IF('Summary Statistics'!$C$6=TRUE,Artists!$F23<G$3,Artists!$E23<G$3) -> FALSE | H24: =IF('Summary Statistics'!$C$6=TRUE,Artists!$F23<H$3,Artists!$E23<H$3) -> FALSE | I24: =IF('Summary Statistics'!$C$6=TRUE,Artists!$F23<I$3,Artists!$E23<I$3) -> FALSE | ... K24: =IF('Summary Statistics'!$C$6=TRUE,Artists!$F23<K$3,Artists!$E23<K$3) -> FALSE | M24: =IF('Summary Statistics'!$C$7=TRUE,Albums!$F23<M$3,Albums!$E23<M$3) -> FALSE | N24: =IF('Summary Statistics'!$C$7=TRUE,Albums!$F23<N$3,Albums!$E23<N$3) -> FALSE | O24: =IF('Summary Statistics'!$C$7=TRUE,Albums!$F23<O$3,Albums!$E23<O$3) -> FALSE | P24: =IF('Summary Statistics'!$C$7=TRUE,Albums!$F23<P$3,Albums!$E23<P$3) -> FALSE | Q24: =IF('Summary Statistics'!$C$7=TRUE,Albums!$F23<Q$3,Albums!$E23<Q$3) -> FALSE | R24: =IF('Summary Statistics'!$C$7=TRUE,Albums!$F23<R$3,Albums!$E23<R$3) -> FALSE | S24: =IF('Summary Statistics'!$C$7=TRUE,Albums!$F23<S$3,Albums!$E23<S$3) -> FALSE | T24: =IF('Summary Statistics'!$C$7=TRUE,Albums!$F23<T$3,Albums!$E23<T$3) -> FALSE | ... V24: =IF('Summary Statistics'!$C$7=TRUE,Albums!$F23<V$3,Albums!$E23<V$3) -> FALSE | X24: =1+X23 -> 1921 | Y24: =COUNTIF('Cleaned Data'!$K$4:$K$5004,X24) -> 0 | Z24: =SUMIF('Cleaned Data'!$K$4:'Cleaned Data'!$K$5004,Calculations!X24,'Cleaned Data'!$J$4:$J$5004) -> 0 | AA24: =SUMIF('Cleaned Data'!$K$4:'Cleaned Data'!$K$5004,Calculations!X24,'Cleaned Data'!$H$4:$H$5004) -> 0 | AJ24: =IF(AND($AC$4<=$X24,$X24<$AD$4),Y24,0) -> 0 | AK24: =IF(AND($AC$4<=$X24,$X24<$AD$4),Z24,0) -> 0 | AL24: =IF(AND($AC$4<=$X24,$X24<$AD$4),AA24,0) -> 0 | AM24: =IF(AND($AC$5<=$X24,$X24<$AD$5),Y24,0) -> 0 | AN24: =IF(AND($AC$5<=$X24,$X24<$AD$5),Z24,0) -> 0 | AO24: =IF(AND($AC$5<=$X24,$X24<$AD$5),AA24,0) -> 0 | AP24: =IF(AND($AC$6<=$X24,$X24<$AD$6),Y24,0) -> 0 | AQ24: =IF(AND($AC$6<=$X24,$X24<$AD$6),Z24,0) -> 0 | AR24: =IF(AND($AC$6<=$X24,$X24<$AD$6),AA24,0) -> 0 | AS24: =IF(AND($AC$7<=$X24,$X24<$AD$7),Y24,0) -> 0 | AT24: =IF(AND($AC$7<=$X24,$X24<$AD$7),Z24,0) -> 0 | AU24: =IF(AND($AC$7<=$X24,$X24<$AD$7),AA24,0) -> 0 | AV24: =IF(AND($AC$8<=$X24,$X24<$AD$8),Y24,0) -> 0 | AW24: =IF(AND($AC$8<=$X24,$X24<$AD$8),Z24,0) -> 0 | AX24: =IF(AND($AC$8<=$X24,$X24<$AD$8),AA24,0) -> 0 | AY24: =IF(AND($AC$9<=$X24,$X24<$AD$9),Y24,0) -> 0 | AZ24: =IF(AND($AC$9<=$X24,$X24<$AD$9),Z24,0) -> 0 | BA24: =IF(AND($AC$9<=$X24,$X24<$AD$9),AA24,0) -> 0 | BB24: =IF(AND($AC$10<=$X24,$X24<$AD$10),Y24,0) -> 0 | BC24: =IF(AND($AC$10<=$X24,$X24<$AD$10),Z24,0) -> 0 | BD24: =IF(AND($AC$10<=$X24,$X24<$AD$10),AA24,0) -> 0 | BE24: =IF(AND($AC$11<=$X24,$X24<$AD$11),Y24,0) -> 0 | BF24: =IF(AND($AC$11<=$X24,$X24<$AD$11),Z24,0) -> 0 | BG24: =IF(AND($AC$11<=$X24,$X24<$AD$11),AA24,0) -> 0 | BH24: =IF(AND($AC$12<=$X24,$X24<$AD$12),Y24,0) -> 0 | BI24: =IF(AND($AC$12<=$X24,$X24<$AD$12),Z24,0) -> 0 | BJ24: =IF(AND($AC$12<=$X24,$X24<$AD$12),AA24,0) -> 0 | BK24: =IF(AND($AC$13<=$X24,$X24<$AD$13),Y24,0) -> 0 | BL24: =IF(AND($AC$13<=$X24,$X24<$AD$13),Z24,0) -> 0 | BM24: =IF(AND($AC$13<=$X24,$X24<$AD$13),AA24,0) -> 0 | BN24: =IF(AND($AC$14<=$X24,$X24<$AD$14),Y24,0) -> 0 | BO24: =IF(AND($AC$14<=$X24,$X24<$AD$14),Z24,0) -> 0 | BP24: =IF(AND($AC$14<=$X24,$X24<$AD$14),AA24,0) -> 0 | BQ24: =IF(AND($AC$15<=$X24,$X24<$AD$15),Y24,0) -> 0 | BR24: =IF(AND($AC$15<=$X24,$X24<$AD$15),Z24,0) -> 0 | BS24: =IF(AND($AC$15<=$X24,$X24<$AD$15),AA24,0) -> 0 | BT24: =IF(AND($AC$16<=$X24,$X24<$AD$16),Y24,0) -> 0 | BU24: =IF(AND($AC$16<=$X24,$X24<$AD$16),Z24,0) -> 0 | BV24: =IF(AND($AC$16<=$X24,$X24<$AD$16),AA24,0) -> 0 | BW24: =IF(AND($AC$17<=$X24,$X24<$AD$17),Y24,0) -> 0 | BX24: =IF(AND($AC$17<=$X24,$X24<$AD$17),Z24,0) -> 0 | BY24: =IF(AND($AC$17<=$X24,$X24<$AD$17),AA24,0) -> 0 | BZ24: =IF(AND($AC$18<=$X24,$X24<$AD$18),Y24,0) -> 0 | CA24: =IF(AND($AC$18<=$X24,$X24<$AD$18),Z24,0) -> 0 | CB24: =IF(AND($AC$18<=$X24,$X24<$AD$18),AA24,0) -> 0
B25: =IF('Summary Statistics'!$C$6=TRUE,Artists!$F24<B$3,Artists!$E24<B$3) -> FALSE | C25: =IF('Summary Statistics'!$C$6=TRUE,Artists!$F24<C$3,Artists!$E24<C$3) -> FALSE | D25: =IF('Summary Statistics'!$C$6=TRUE,Artists!$F24<D$3,Artists!$E24<D$3) -> FALSE | E25: =IF('Summary Statistics'!$C$6=TRUE,Artists!$F24<E$3,Artists!$E24<E$3) -> FALSE | F25: =IF('Summary Statistics'!$C$6=TRUE,Artists!$F24<F$3,Artists!$E24<F$3) -> FALSE | G25: =IF('Summary Statistics'!$C$6=TRUE,Artists!$F24<G$3,Artists!$E24<G$3) -> FALSE | H25: =IF('Summary Statistics'!$C$6=TRUE,Artists!$F24<H$3,Artists!$E24<H$3) -> FALSE | I25: =IF('Summary Statistics'!$C$6=TRUE,Artists!$F24<I$3,Artists!$E24<I$3) -> FALSE | ... K25: =IF('Summary Statistics'!$C$6=TRUE,Artists!$F24<K$3,Artists!$E24<K$3) -> FALSE | M25: =IF('Summary Statistics'!$C$7=TRUE,Albums!$F24<M$3,Albums!$E24<M$3) -> FALSE | N25: =IF('Summary Statistics'!$C$7=TRUE,Albums!$F24<N$3,Albums!$E24<N$3) -> FALSE | O25: =IF('Summary Statistics'!$C$7=TRUE,Albums!$F24<O$3,Albums!$E24<O$3) -> FALSE | P25: =IF('Summary Statistics'!$C$7=TRUE,Albums!$F24<P$3,Albums!$E24<P$3) -> FALSE | Q25: =IF('Summary Statistics'!$C$7=TRUE,Albums!$F24<Q$3,Albums!$E24<Q$3) -> FALSE | R25: =IF('Summary Statistics'!$C$7=TRUE,Albums!$F24<R$3,Albums!$E24<R$3) -> FALSE | S25: =IF('Summary Statistics'!$C$7=TRUE,Albums!$F24<S$3,Albums!$E24<S$3) -> FALSE | T25: =IF('Summary Statistics'!$C$7=TRUE,Albums!$F24<T$3,Albums!$E24<T$3) -> FALSE | ... V25: =IF('Summary Statistics'!$C$7=TRUE,Albums!$F24<V$3,Albums!$E24<V$3) -> FALSE | X25: =1+X24 -> 1922 | Y25: =COUNTIF('Cleaned Data'!$K$4:$K$5004,X25) -> 0 | Z25: =SUMIF('Cleaned Data'!$K$4:'Cleaned Data'!$K$5004,Calculations!X25,'Cleaned Data'!$J$4:$J$5004) -> 0 | AA25: =SUMIF('Cleaned Data'!$K$4:'Cleaned Data'!$K$5004,Calculations!X25,'Cleaned Data'!$H$4:$H$5004) -> 0 | AJ25: =IF(AND($AC$4<=$X25,$X25<$AD$4),Y25,0) -> 0 | AK25: =IF(AND($AC$4<=$X25,$X25<$AD$4),Z25,0) -> 0 | AL25: =IF(AND($AC$4<=$X25,$X25<$AD$4),AA25,0) -> 0 | AM25: =IF(AND($AC$5<=$X25,$X25<$AD$5),Y25,0) -> 0 | AN25: =IF(AND($AC$5<=$X25,$X25<$AD$5),Z25,0) -> 0 | AO25: =IF(AND($AC$5<=$X25,$X25<$AD$5),AA25,0) -> 0 | AP25: =IF(AND($AC$6<=$X25,$X25<$AD$6),Y25,0) -> 0 | AQ25: =IF(AND($AC$6<=$X25,$X25<$AD$6),Z25,0) -> 0 | AR25: =IF(AND($AC$6<=$X25,$X25<$AD$6),AA25,0) -> 0 | AS25: =IF(AND($AC$7<=$X25,$X25<$AD$7),Y25,0) -> 0 | AT25: =IF(AND($AC$7<=$X25,$X25<$AD$7),Z25,0) -> 0 | AU25: =IF(AND($AC$7<=$X25,$X25<$AD$7),AA25,0) -> 0 | AV25: =IF(AND($AC$8<=$X25,$X25<$AD$8),Y25,0) -> 0 | AW25: =IF(AND($AC$8<=$X25,$X25<$AD$8),Z25,0) -> 0 | AX25: =IF(AND($AC$8<=$X25,$X25<$AD$8),AA25,0) -> 0 | AY25: =IF(AND($AC$9<=$X25,$X25<$AD$9),Y25,0) -> 0 | AZ25: =IF(AND($AC$9<=$X25,$X25<$AD$9),Z25,0) -> 0 | BA25: =IF(AND($AC$9<=$X25,$X25<$AD$9),AA25,0) -> 0 | BB25: =IF(AND($AC$10<=$X25,$X25<$AD$10),Y25,0) -> 0 | BC25: =IF(AND($AC$10<=$X25,$X25<$AD$10),Z25,0) -> 0 | BD25: =IF(AND($AC$10<=$X25,$X25<$AD$10),AA25,0) -> 0 | BE25: =IF(AND($AC$11<=$X25,$X25<$AD$11),Y25,0) -> 0 | BF25: =IF(AND($AC$11<=$X25,$X25<$AD$11),Z25,0) -> 0 | BG25: =IF(AND($AC$11<=$X25,$X25<$AD$11),AA25,0) -> 0 | BH25: =IF(AND($AC$12<=$X25,$X25<$AD$12),Y25,0) -> 0 | BI25: =IF(AND($AC$12<=$X25,$X25<$AD$12),Z25,0) -> 0 | BJ25: =IF(AND($AC$12<=$X25,$X25<$AD$12),AA25,0) -> 0 | BK25: =IF(AND($AC$13<=$X25,$X25<$AD$13),Y25,0) -> 0 | BL25: =IF(AND($AC$13<=$X25,$X25<$AD$13),Z25,0) -> 0 | BM25: =IF(AND($AC$13<=$X25,$X25<$AD$13),AA25,0) -> 0 | BN25: =IF(AND($AC$14<=$X25,$X25<$AD$14),Y25,0) -> 0 | BO25: =IF(AND($AC$14<=$X25,$X25<$AD$14),Z25,0) -> 0 | BP25: =IF(AND($AC$14<=$X25,$X25<$AD$14),AA25,0) -> 0 | BQ25: =IF(AND($AC$15<=$X25,$X25<$AD$15),Y25,0) -> 0 | BR25: =IF(AND($AC$15<=$X25,$X25<$AD$15),Z25,0) -> 0 | BS25: =IF(AND($AC$15<=$X25,$X25<$AD$15),AA25,0) -> 0 | BT25: =IF(AND($AC$16<=$X25,$X25<$AD$16),Y25,0) -> 0 | BU25: =IF(AND($AC$16<=$X25,$X25<$AD$16),Z25,0) -> 0 | BV25: =IF(AND($AC$16<=$X25,$X25<$AD$16),AA25,0) -> 0 | BW25: =IF(AND($AC$17<=$X25,$X25<$AD$17),Y25,0) -> 0 | BX25: =IF(AND($AC$17<=$X25,$X25<$AD$17),Z25,0) -> 0 | BY25: =IF(AND($AC$17<=$X25,$X25<$AD$17),AA25,0) -> 0 | BZ25: =IF(AND($AC$18<=$X25,$X25<$AD$18),Y25,0) -> 0 | CA25: =IF(AND($AC$18<=$X25,$X25<$AD$18),Z25,0) -> 0 | CB25: =IF(AND($AC$18<=$X25,$X25<$AD$18),AA25,0) -> 0
B26: =IF('Summary Statistics'!$C$6=TRUE,Artists!$F25<B$3,Artists!$E25<B$3) -> FALSE | C26: =IF('Summary Statistics'!$C$6=TRUE,Artists!$F25<C$3,Artists!$E25<C$3) -> FALSE | D26: =IF('Summary Statistics'!$C$6=TRUE,Artists!$F25<D$3,Artists!$E25<D$3) -> FALSE | E26: =IF('Summary Statistics'!$C$6=TRUE,Artists!$F25<E$3,Artists!$E25<E$3) -> FALSE | F26: =IF('Summary Statistics'!$C$6=TRUE,Artists!$F25<F$3,Artists!$E25<F$3) -> FALSE | G26: =IF('Summary Statistics'!$C$6=TRUE,Artists!$F25<G$3,Artists!$E25<G$3) -> FALSE | H26: =IF('Summary Statistics'!$C$6=TRUE,Artists!$F25<H$3,Artists!$E25<H$3) -> FALSE | I26: =IF('Summary Statistics'!$C$6=TRUE,Artists!$F25<I$3,Artists!$E25<I$3) -> FALSE | ... K26: =IF('Summary Statistics'!$C$6=TRUE,Artists!$F25<K$3,Artists!$E25<K$3) -> FALSE | M26: =IF('Summary Statistics'!$C$7=TRUE,Albums!$F25<M$3,Albums!$E25<M$3) -> FALSE | N26: =IF('Summary Statistics'!$C$7=TRUE,Albums!$F25<N$3,Albums!$E25<N$3) -> FALSE | O26: =IF('Summary Statistics'!$C$7=TRUE,Albums!$F25<O$3,Albums!$E25<O$3) -> FALSE | P26: =IF('Summary Statistics'!$C$7=TRUE,Albums!$F25<P$3,Albums!$E25<P$3) -> FALSE | Q26: =IF('Summary Statistics'!$C$7=TRUE,Albums!$F25<Q$3,Albums!$E25<Q$3) -> FALSE | R26: =IF('Summary Statistics'!$C$7=TRUE,Albums!$F25<R$3,Albums!$E25<R$3) -> FALSE | S26: =IF('Summary Statistics'!$C$7=TRUE,Albums!$F25<S$3,Albums!$E25<S$3) -> FALSE | T26: =IF('Summary Statistics'!$C$7=TRUE,Albums!$F25<T$3,Albums!$E25<T$3) -> FALSE | ... V26: =IF('Summary Statistics'!$C$7=TRUE,Albums!$F25<V$3,Albums!$E25<V$3) -> FALSE | X26: =1+X25 -> 1923 | Y26: =COUNTIF('Cleaned Data'!$K$4:$K$5004,X26) -> 0 | Z26: =SUMIF('Cleaned Data'!$K$4:'Cleaned Data'!$K$5004,Calculations!X26,'Cleaned Data'!$J$4:$J$5004) -> 0 | AA26: =SUMIF('Cleaned Data'!$K$4:'Cleaned Data'!$K$5004,Calculations!X26,'Cleaned Data'!$H$4:$H$5004) -> 0 | AJ26: =IF(AND($AC$4<=$X26,$X26<$AD$4),Y26,0) -> 0 | AK26: =IF(AND($AC$4<=$X26,$X26<$AD$4),Z26,0) -> 0 | AL26: =IF(AND($AC$4<=$X26,$X26<$AD$4),AA26,0) -> 0 | AM26: =IF(AND($AC$5<=$X26,$X26<$AD$5),Y26,0) -> 0 | AN26: =IF(AND($AC$5<=$X26,$X26<$AD$5),Z26,0) -> 0 | AO26: =IF(AND($AC$5<=$X26,$X26<$AD$5),AA26,0) -> 0 | AP26: =IF(AND($AC$6<=$X26,$X26<$AD$6),Y26,0) -> 0 | AQ26: =IF(AND($AC$6<=$X26,$X26<$AD$6),Z26,0) -> 0 | AR26: =IF(AND($AC$6<=$X26,$X26<$AD$6),AA26,0) -> 0 | AS26: =IF(AND($AC$7<=$X26,$X26<$AD$7),Y26,0) -> 0 | AT26: =IF(AND($AC$7<=$X26,$X26<$AD$7),Z26,0) -> 0 | AU26: =IF(AND($AC$7<=$X26,$X26<$AD$7),AA26,0) -> 0 | AV26: =IF(AND($AC$8<=$X26,$X26<$AD$8),Y26,0) -> 0 | AW26: =IF(AND($AC$8<=$X26,$X26<$AD$8),Z26,0) -> 0 | AX26: =IF(AND($AC$8<=$X26,$X26<$AD$8),AA26,0) -> 0 | AY26: =IF(AND($AC$9<=$X26,$X26<$AD$9),Y26,0) -> 0 | AZ26: =IF(AND($AC$9<=$X26,$X26<$AD$9),Z26,0) -> 0 | BA26: =IF(AND($AC$9<=$X26,$X26<$AD$9),AA26,0) -> 0 | BB26: =IF(AND($AC$10<=$X26,$X26<$AD$10),Y26,0) -> 0 | BC26: =IF(AND($AC$10<=$X26,$X26<$AD$10),Z26,0) -> 0 | BD26: =IF(AND($AC$10<=$X26,$X26<$AD$10),AA26,0) -> 0 | BE26: =IF(AND($AC$11<=$X26,$X26<$AD$11),Y26,0) -> 0 | BF26: =IF(AND($AC$11<=$X26,$X26<$AD$11),Z26,0) -> 0 | BG26: =IF(AND($AC$11<=$X26,$X26<$AD$11),AA26,0) -> 0 | BH26: =IF(AND($AC$12<=$X26,$X26<$AD$12),Y26,0) -> 0 | BI26: =IF(AND($AC$12<=$X26,$X26<$AD$12),Z26,0) -> 0 | BJ26: =IF(AND($AC$12<=$X26,$X26<$AD$12),AA26,0) -> 0 | BK26: =IF(AND($AC$13<=$X26,$X26<$AD$13),Y26,0) -> 0 | BL26: =IF(AND($AC$13<=$X26,$X26<$AD$13),Z26,0) -> 0 | BM26: =IF(AND($AC$13<=$X26,$X26<$AD$13),AA26,0) -> 0 | BN26: =IF(AND($AC$14<=$X26,$X26<$AD$14),Y26,0) -> 0 | BO26: =IF(AND($AC$14<=$X26,$X26<$AD$14),Z26,0) -> 0 | BP26: =IF(AND($AC$14<=$X26,$X26<$AD$14),AA26,0) -> 0 | BQ26: =IF(AND($AC$15<=$X26,$X26<$AD$15),Y26,0) -> 0 | BR26: =IF(AND($AC$15<=$X26,$X26<$AD$15),Z26,0) -> 0 | BS26: =IF(AND($AC$15<=$X26,$X26<$AD$15),AA26,0) -> 0 | BT26: =IF(AND($AC$16<=$X26,$X26<$AD$16),Y26,0) -> 0 | BU26: =IF(AND($AC$16<=$X26,$X26<$AD$16),Z26,0) -> 0 | BV26: =IF(AND($AC$16<=$X26,$X26<$AD$16),AA26,0) -> 0 | BW26: =IF(AND($AC$17<=$X26,$X26<$AD$17),Y26,0) -> 0 | BX26: =IF(AND($AC$17<=$X26,$X26<$AD$17),Z26,0) -> 0 | BY26: =IF(AND($AC$17<=$X26,$X26<$AD$17),AA26,0) -> 0 | BZ26: =IF(AND($AC$18<=$X26,$X26<$AD$18),Y26,0) -> 0 | CA26: =IF(AND($AC$18<=$X26,$X26<$AD$18),Z26,0) -> 0 | CB26: =IF(AND($AC$18<=$X26,$X26<$AD$18),AA26,0) -> 0
B27: =IF('Summary Statistics'!$C$6=TRUE,Artists!$F26<B$3,Artists!$E26<B$3) -> FALSE | C27: =IF('Summary Statistics'!$C$6=TRUE,Artists!$F26<C$3,Artists!$E26<C$3) -> FALSE | D27: =IF('Summary Statistics'!$C$6=TRUE,Artists!$F26<D$3,Artists!$E26<D$3) -> FALSE | E27: =IF('Summary Statistics'!$C$6=TRUE,Artists!$F26<E$3,Artists!$E26<E$3) -> FALSE | F27: =IF('Summary Statistics'!$C$6=TRUE,Artists!$F26<F$3,Artists!$E26<F$3) -> FALSE | G27: =IF('Summary Statistics'!$C$6=TRUE,Artists!$F26<G$3,Artists!$E26<G$3) -> FALSE | H27: =IF('Summary Statistics'!$C$6=TRUE,Artists!$F26<H$3,Artists!$E26<H$3) -> FALSE | I27: =IF('Summary Statistics'!$C$6=TRUE,Artists!$F26<I$3,Artists!$E26<I$3) -> FALSE | ... K27: =IF('Summary Statistics'!$C$6=TRUE,Artists!$F26<K$3,Artists!$E26<K$3) -> FALSE | M27: =IF('Summary Statistics'!$C$7=TRUE,Albums!$F26<M$3,Albums!$E26<M$3) -> FALSE | N27: =IF('Summary Statistics'!$C$7=TRUE,Albums!$F26<N$3,Albums!$E26<N$3) -> FALSE | O27: =IF('Summary Statistics'!$C$7=TRUE,Albums!$F26<O$3,Albums!$E26<O$3) -> FALSE | P27: =IF('Summary Statistics'!$C$7=TRUE,Albums!$F26<P$3,Albums!$E26<P$3) -> FALSE | Q27: =IF('Summary Statistics'!$C$7=TRUE,Albums!$F26<Q$3,Albums!$E26<Q$3) -> FALSE | R27: =IF('Summary Statistics'!$C$7=TRUE,Albums!$F26<R$3,Albums!$E26<R$3) -> FALSE | S27: =IF('Summary Statistics'!$C$7=TRUE,Albums!$F26<S$3,Albums!$E26<S$3) -> FALSE | T27: =IF('Summary Statistics'!$C$7=TRUE,Albums!$F26<T$3,Albums!$E26<T$3) -> FALSE | ... V27: =IF('Summary Statistics'!$C$7=TRUE,Albums!$F26<V$3,Albums!$E26<V$3) -> FALSE | X27: =1+X26 -> 1924 | Y27: =COUNTIF('Cleaned Data'!$K$4:$K$5004,X27) -> 0 | Z27: =SUMIF('Cleaned Data'!$K$4:'Cleaned Data'!$K$5004,Calculations!X27,'Cleaned Data'!$J$4:$J$5004) -> 0 | AA27: =SUMIF('Cleaned Data'!$K$4:'Cleaned Data'!$K$5004,Calculations!X27,'Cleaned Data'!$H$4:$H$5004) -> 0 | AJ27: =IF(AND($AC$4<=$X27,$X27<$AD$4),Y27,0) -> 0 | AK27: =IF(AND($AC$4<=$X27,$X27<$AD$4),Z27,0) -> 0 | AL27: =IF(AND($AC$4<=$X27,$X27<$AD$4),AA27,0) -> 0 | AM27: =IF(AND($AC$5<=$X27,$X27<$AD$5),Y27,0) -> 0 | AN27: =IF(AND($AC$5<=$X27,$X27<$AD$5),Z27,0) -> 0 | AO27: =IF(AND($AC$5<=$X27,$X27<$AD$5),AA27,0) -> 0 | AP27: =IF(AND($AC$6<=$X27,$X27<$AD$6),Y27,0) -> 0 | AQ27: =IF(AND($AC$6<=$X27,$X27<$AD$6),Z27,0) -> 0 | AR27: =IF(AND($AC$6<=$X27,$X27<$AD$6),AA27,0) -> 0 | AS27: =IF(AND($AC$7<=$X27,$X27<$AD$7),Y27,0) -> 0 | AT27: =IF(AND($AC$7<=$X27,$X27<$AD$7),Z27,0) -> 0 | AU27: =IF(AND($AC$7<=$X27,$X27<$AD$7),AA27,0) -> 0 | AV27: =IF(AND($AC$8<=$X27,$X27<$AD$8),Y27,0) -> 0 | AW27: =IF(AND($AC$8<=$X27,$X27<$AD$8),Z27,0) -> 0 | AX27: =IF(AND($AC$8<=$X27,$X27<$AD$8),AA27,0) -> 0 | AY27: =IF(AND($AC$9<=$X27,$X27<$AD$9),Y27,0) -> 0 | AZ27: =IF(AND($AC$9<=$X27,$X27<$AD$9),Z27,0) -> 0 | BA27: =IF(AND($AC$9<=$X27,$X27<$AD$9),AA27,0) -> 0 | BB27: =IF(AND($AC$10<=$X27,$X27<$AD$10),Y27,0) -> 0 | BC27: =IF(AND($AC$10<=$X27,$X27<$AD$10),Z27,0) -> 0 | BD27: =IF(AND($AC$10<=$X27,$X27<$AD$10),AA27,0) -> 0 | BE27: =IF(AND($AC$11<=$X27,$X27<$AD$11),Y27,0) -> 0 | BF27: =IF(AND($AC$11<=$X27,$X27<$AD$11),Z27,0) -> 0 | BG27: =IF(AND($AC$11<=$X27,$X27<$AD$11),AA27,0) -> 0 | BH27: =IF(AND($AC$12<=$X27,$X27<$AD$12),Y27,0) -> 0 | BI27: =IF(AND($AC$12<=$X27,$X27<$AD$12),Z27,0) -> 0 | BJ27: =IF(AND($AC$12<=$X27,$X27<$AD$12),AA27,0) -> 0 | BK27: =IF(AND($AC$13<=$X27,$X27<$AD$13),Y27,0) -> 0 | BL27: =IF(AND($AC$13<=$X27,$X27<$AD$13),Z27,0) -> 0 | BM27: =IF(AND($AC$13<=$X27,$X27<$AD$13),AA27,0) -> 0 | BN27: =IF(AND($AC$14<=$X27,$X27<$AD$14),Y27,0) -> 0 | BO27: =IF(AND($AC$14<=$X27,$X27<$AD$14),Z27,0) -> 0 | BP27: =IF(AND($AC$14<=$X27,$X27<$AD$14),AA27,0) -> 0 | BQ27: =IF(AND($AC$15<=$X27,$X27<$AD$15),Y27,0) -> 0 | BR27: =IF(AND($AC$15<=$X27,$X27<$AD$15),Z27,0) -> 0 | BS27: =IF(AND($AC$15<=$X27,$X27<$AD$15),AA27,0) -> 0 | BT27: =IF(AND($AC$16<=$X27,$X27<$AD$16),Y27,0) -> 0 | BU27: =IF(AND($AC$16<=$X27,$X27<$AD$16),Z27,0) -> 0 | BV27: =IF(AND($AC$16<=$X27,$X27<$AD$16),AA27,0) -> 0 | BW27: =IF(AND($AC$17<=$X27,$X27<$AD$17),Y27,0) -> 0 | BX27: =IF(AND($AC$17<=$X27,$X27<$AD$17),Z27,0) -> 0 | BY27: =IF(AND($AC$17<=$X27,$X27<$AD$17),AA27,0) -> 0 | BZ27: =IF(AND($AC$18<=$X27,$X27<$AD$18),Y27,0) -> 0 | CA27: =IF(AND($AC$18<=$X27,$X27<$AD$18),Z27,0) -> 0 | CB27: =IF(AND($AC$18<=$X27,$X27<$AD$18),AA27,0) -> 0
B28: =IF('Summary Statistics'!$C$6=TRUE,Artists!$F27<B$3,Artists!$E27<B$3) -> FALSE | C28: =IF('Summary Statistics'!$C$6=TRUE,Artists!$F27<C$3,Artists!$E27<C$3) -> FALSE | D28: =IF('Summary Statistics'!$C$6=TRUE,Artists!$F27<D$3,Artists!$E27<D$3) -> FALSE | E28: =IF('Summary Statistics'!$C$6=TRUE,Artists!$F27<E$3,Artists!$E27<E$3) -> FALSE | F28: =IF('Summary Statistics'!$C$6=TRUE,Artists!$F27<F$3,Artists!$E27<F$3) -> FALSE | G28: =IF('Summary Statistics'!$C$6=TRUE,Artists!$F27<G$3,Artists!$E27<G$3) -> FALSE | H28: =IF('Summary Statistics'!$C$6=TRUE,Artists!$F27<H$3,Artists!$E27<H$3) -> FALSE | I28: =IF('Summary Statistics'!$C$6=TRUE,Artists!$F27<I$3,Artists!$E27<I$3) -> FALSE | ... K28: =IF('Summary Statistics'!$C$6=TRUE,Artists!$F27<K$3,Artists!$E27<K$3) -> FALSE | M28: =IF('Summary Statistics'!$C$7=TRUE,Albums!$F27<M$3,Albums!$E27<M$3) -> FALSE | N28: =IF('Summary Statistics'!$C$7=TRUE,Albums!$F27<N$3,Albums!$E27<N$3) -> FALSE | O28: =IF('Summary Statistics'!$C$7=TRUE,Albums!$F27<O$3,Albums!$E27<O$3) -> FALSE | P28: =IF('Summary Statistics'!$C$7=TRUE,Albums!$F27<P$3,Albums!$E27<P$3) -> FALSE | Q28: =IF('Summary Statistics'!$C$7=TRUE,Albums!$F27<Q$3,Albums!$E27<Q$3) -> FALSE | R28: =IF('Summary Statistics'!$C$7=TRUE,Albums!$F27<R$3,Albums!$E27<R$3) -> FALSE | S28: =IF('Summary Statistics'!$C$7=TRUE,Albums!$F27<S$3,Albums!$E27<S$3) -> FALSE | T28: =IF('Summary Statistics'!$C$7=TRUE,Albums!$F27<T$3,Albums!$E27<T$3) -> FALSE | ... V28: =IF('Summary Statistics'!$C$7=TRUE,Albums!$F27<V$3,Albums!$E27<V$3) -> FALSE | X28: =1+X27 -> 1925 | Y28: =COUNTIF('Cleaned Data'!$K$4:$K$5004,X28) -> 0 | Z28: =SUMIF('Cleaned Data'!$K$4:'Cleaned Data'!$K$5004,Calculations!X28,'Cleaned Data'!$J$4:$J$5004) -> 0 | AA28: =SUMIF('Cleaned Data'!$K$4:'Cleaned Data'!$K$5004,Calculations!X28,'Cleaned Data'!$H$4:$H$5004) -> 0 | AJ28: =IF(AND($AC$4<=$X28,$X28<$AD$4),Y28,0) -> 0 | AK28: =IF(AND($AC$4<=$X28,$X28<$AD$4),Z28,0) -> 0 | AL28: =IF(AND($AC$4<=$X28,$X28<$AD$4),AA28,0) -> 0 | AM28: =IF(AND($AC$5<=$X28,$X28<$AD$5),Y28,0) -> 0 | AN28: =IF(AND($AC$5<=$X28,$X28<$AD$5),Z28,0) -> 0 | AO28: =IF(AND($AC$5<=$X28,$X28<$AD$5),AA28,0) -> 0 | AP28: =IF(AND($AC$6<=$X28,$X28<$AD$6),Y28,0) -> 0 | AQ28: =IF(AND($AC$6<=$X28,$X28<$AD$6),Z28,0) -> 0 | AR28: =IF(AND($AC$6<=$X28,$X28<$AD$6),AA28,0) -> 0 | AS28: =IF(AND($AC$7<=$X28,$X28<$AD$7),Y28,0) -> 0 | AT28: =IF(AND($AC$7<=$X28,$X28<$AD$7),Z28,0) -> 0 | AU28: =IF(AND($AC$7<=$X28,$X28<$AD$7),AA28,0) -> 0 | AV28: =IF(AND($AC$8<=$X28,$X28<$AD$8),Y28,0) -> 0 | AW28: =IF(AND($AC$8<=$X28,$X28<$AD$8),Z28,0) -> 0 | AX28: =IF(AND($AC$8<=$X28,$X28<$AD$8),AA28,0) -> 0 | AY28: =IF(AND($AC$9<=$X28,$X28<$AD$9),Y28,0) -> 0 | AZ28: =IF(AND($AC$9<=$X28,$X28<$AD$9),Z28,0) -> 0 | BA28: =IF(AND($AC$9<=$X28,$X28<$AD$9),AA28,0) -> 0 | BB28: =IF(AND($AC$10<=$X28,$X28<$AD$10),Y28,0) -> 0 | BC28: =IF(AND($AC$10<=$X28,$X28<$AD$10),Z28,0) -> 0 | BD28: =IF(AND($AC$10<=$X28,$X28<$AD$10),AA28,0) -> 0 | BE28: =IF(AND($AC$11<=$X28,$X28<$AD$11),Y28,0) -> 0 | BF28: =IF(AND($AC$11<=$X28,$X28<$AD$11),Z28,0) -> 0 | BG28: =IF(AND($AC$11<=$X28,$X28<$AD$11),AA28,0) -> 0 | BH28: =IF(AND($AC$12<=$X28,$X28<$AD$12),Y28,0) -> 0 | BI28: =IF(AND($AC$12<=$X28,$X28<$AD$12),Z28,0) -> 0 | BJ28: =IF(AND($AC$12<=$X28,$X28<$AD$12),AA28,0) -> 0 | BK28: =IF(AND($AC$13<=$X28,$X28<$AD$13),Y28,0) -> 0 | BL28: =IF(AND($AC$13<=$X28,$X28<$AD$13),Z28,0) -> 0 | BM28: =IF(AND($AC$13<=$X28,$X28<$AD$13),AA28,0) -> 0 | BN28: =IF(AND($AC$14<=$X28,$X28<$AD$14),Y28,0) -> 0 | BO28: =IF(AND($AC$14<=$X28,$X28<$AD$14),Z28,0) -> 0 | BP28: =IF(AND($AC$14<=$X28,$X28<$AD$14),AA28,0) -> 0 | BQ28: =IF(AND($AC$15<=$X28,$X28<$AD$15),Y28,0) -> 0 | BR28: =IF(AND($AC$15<=$X28,$X28<$AD$15),Z28,0) -> 0 | BS28: =IF(AND($AC$15<=$X28,$X28<$AD$15),AA28,0) -> 0 | BT28: =IF(AND($AC$16<=$X28,$X28<$AD$16),Y28,0) -> 0 | BU28: =IF(AND($AC$16<=$X28,$X28<$AD$16),Z28,0) -> 0 | BV28: =IF(AND($AC$16<=$X28,$X28<$AD$16),AA28,0) -> 0 | BW28: =IF(AND($AC$17<=$X28,$X28<$AD$17),Y28,0) -> 0 | BX28: =IF(AND($AC$17<=$X28,$X28<$AD$17),Z28,0) -> 0 | BY28: =IF(AND($AC$17<=$X28,$X28<$AD$17),AA28,0) -> 0 | BZ28: =IF(AND($AC$18<=$X28,$X28<$AD$18),Y28,0) -> 0 | CA28: =IF(AND($AC$18<=$X28,$X28<$AD$18),Z28,0) -> 0 | CB28: =IF(AND($AC$18<=$X28,$X28<$AD$18),AA28,0) -> 0
B29: =IF('Summary Statistics'!$C$6=TRUE,Artists!$F28<B$3,Artists!$E28<B$3) -> FALSE | C29: =IF('Summary Statistics'!$C$6=TRUE,Artists!$F28<C$3,Artists!$E28<C$3) -> FALSE | D29: =IF('Summary Statistics'!$C$6=TRUE,Artists!$F28<D$3,Artists!$E28<D$3) -> FALSE | E29: =IF('Summary Statistics'!$C$6=TRUE,Artists!$F28<E$3,Artists!$E28<E$3) -> FALSE | F29: =IF('Summary Statistics'!$C$6=TRUE,Artists!$F28<F$3,Artists!$E28<F$3) -> FALSE | G29: =IF('Summary Statistics'!$C$6=TRUE,Artists!$F28<G$3,Artists!$E28<G$3) -> FALSE | H29: =IF('Summary Statistics'!$C$6=TRUE,Artists!$F28<H$3,Artists!$E28<H$3) -> FALSE | I29: =IF('Summary Statistics'!$C$6=TRUE,Artists!$F28<I$3,Artists!$E28<I$3) -> FALSE | ... K29: =IF('Summary Statistics'!$C$6=TRUE,Artists!$F28<K$3,Artists!$E28<K$3) -> FALSE | M29: =IF('Summary Statistics'!$C$7=TRUE,Albums!$F28<M$3,Albums!$E28<M$3) -> FALSE | N29: =IF('Summary Statistics'!$C$7=TRUE,Albums!$F28<N$3,Albums!$E28<N$3) -> FALSE | O29: =IF('Summary Statistics'!$C$7=TRUE,Albums!$F28<O$3,Albums!$E28<O$3) -> FALSE | P29: =IF('Summary Statistics'!$C$7=TRUE,Albums!$F28<P$3,Albums!$E28<P$3) -> FALSE | Q29: =IF('Summary Statistics'!$C$7=TRUE,Albums!$F28<Q$3,Albums!$E28<Q$3) -> FALSE | R29: =IF('Summary Statistics'!$C$7=TRUE,Albums!$F28<R$3,Albums!$E28<R$3) -> FALSE | S29: =IF('Summary Statistics'!$C$7=TRUE,Albums!$F28<S$3,Albums!$E28<S$3) -> FALSE | T29: =IF('Summary Statistics'!$C$7=TRUE,Albums!$F28<T$3,Albums!$E28<T$3) -> FALSE | ... V29: =IF('Summary Statistics'!$C$7=TRUE,Albums!$F28<V$3,Albums!$E28<V$3) -> FALSE | X29: =1+X28 -> 1926 | Y29: =COUNTIF('Cleaned Data'!$K$4:$K$5004,X29) -> 0 | Z29: =SUMIF('Cleaned Data'!$K$4:'Cleaned Data'!$K$5004,Calculations!X29,'Cleaned Data'!$J$4:$J$5004) -> 0 | AA29: =SUMIF('Cleaned Data'!$K$4:'Cleaned Data'!$K$5004,Calculations!X29,'Cleaned Data'!$H$4:$H$5004) -> 0 | AJ29: =IF(AND($AC$4<=$X29,$X29<$AD$4),Y29,0) -> 0 | AK29: =IF(AND($AC$4<=$X29,$X29<$AD$4),Z29,0) -> 0 | AL29: =IF(AND($AC$4<=$X29,$X29<$AD$4),AA29,0) -> 0 | AM29: =IF(AND($AC$5<=$X29,$X29<$AD$5),Y29,0) -> 0 | AN29: =IF(AND($AC$5<=$X29,$X29<$AD$5),Z29,0) -> 0 | AO29: =IF(AND($AC$5<=$X29,$X29<$AD$5),AA29,0) -> 0 | AP29: =IF(AND($AC$6<=$X29,$X29<$AD$6),Y29,0) -> 0 | AQ29: =IF(AND($AC$6<=$X29,$X29<$AD$6),Z29,0) -> 0 | AR29: =IF(AND($AC$6<=$X29,$X29<$AD$6),AA29,0) -> 0 | AS29: =IF(AND($AC$7<=$X29,$X29<$AD$7),Y29,0) -> 0 | AT29: =IF(AND($AC$7<=$X29,$X29<$AD$7),Z29,0) -> 0 | AU29: =IF(AND($AC$7<=$X29,$X29<$AD$7),AA29,0) -> 0 | AV29: =IF(AND($AC$8<=$X29,$X29<$AD$8),Y29,0) -> 0 | AW29: =IF(AND($AC$8<=$X29,$X29<$AD$8),Z29,0) -> 0 | AX29: =IF(AND($AC$8<=$X29,$X29<$AD$8),AA29,0) -> 0 | AY29: =IF(AND($AC$9<=$X29,$X29<$AD$9),Y29,0) -> 0 | AZ29: =IF(AND($AC$9<=$X29,$X29<$AD$9),Z29,0) -> 0 | BA29: =IF(AND($AC$9<=$X29,$X29<$AD$9),AA29,0) -> 0 | BB29: =IF(AND($AC$10<=$X29,$X29<$AD$10),Y29,0) -> 0 | BC29: =IF(AND($AC$10<=$X29,$X29<$AD$10),Z29,0) -> 0 | BD29: =IF(AND($AC$10<=$X29,$X29<$AD$10),AA29,0) -> 0 | BE29: =IF(AND($AC$11<=$X29,$X29<$AD$11),Y29,0) -> 0 | BF29: =IF(AND($AC$11<=$X29,$X29<$AD$11),Z29,0) -> 0 | BG29: =IF(AND($AC$11<=$X29,$X29<$AD$11),AA29,0) -> 0 | BH29: =IF(AND($AC$12<=$X29,$X29<$AD$12),Y29,0) -> 0 | BI29: =IF(AND($AC$12<=$X29,$X29<$AD$12),Z29,0) -> 0 | BJ29: =IF(AND($AC$12<=$X29,$X29<$AD$12),AA29,0) -> 0 | BK29: =IF(AND($AC$13<=$X29,$X29<$AD$13),Y29,0) -> 0 | BL29: =IF(AND($AC$13<=$X29,$X29<$AD$13),Z29,0) -> 0 | BM29: =IF(AND($AC$13<=$X29,$X29<$AD$13),AA29,0) -> 0 | BN29: =IF(AND($AC$14<=$X29,$X29<$AD$14),Y29,0) -> 0 | BO29: =IF(AND($AC$14<=$X29,$X29<$AD$14),Z29,0) -> 0 | BP29: =IF(AND($AC$14<=$X29,$X29<$AD$14),AA29,0) -> 0 | BQ29: =IF(AND($AC$15<=$X29,$X29<$AD$15),Y29,0) -> 0 | BR29: =IF(AND($AC$15<=$X29,$X29<$AD$15),Z29,0) -> 0 | BS29: =IF(AND($AC$15<=$X29,$X29<$AD$15),AA29,0) -> 0 | BT29: =IF(AND($AC$16<=$X29,$X29<$AD$16),Y29,0) -> 0 | BU29: =IF(AND($AC$16<=$X29,$X29<$AD$16),Z29,0) -> 0 | BV29: =IF(AND($AC$16<=$X29,$X29<$AD$16),AA29,0) -> 0 | BW29: =IF(AND($AC$17<=$X29,$X29<$AD$17),Y29,0) -> 0 | BX29: =IF(AND($AC$17<=$X29,$X29<$AD$17),Z29,0) -> 0 | BY29: =IF(AND($AC$17<=$X29,$X29<$AD$17),AA29,0) -> 0 | BZ29: =IF(AND($AC$18<=$X29,$X29<$AD$18),Y29,0) -> 0 | CA29: =IF(AND($AC$18<=$X29,$X29<$AD$18),Z29,0) -> 0 | CB29: =IF(AND($AC$18<=$X29,$X29<$AD$18),AA29,0) -> 0
B30: =IF('Summary Statistics'!$C$6=TRUE,Artists!$F29<B$3,Artists!$E29<B$3) -> FALSE | C30: =IF('Summary Statistics'!$C$6=TRUE,Artists!$F29<C$3,Artists!$E29<C$3) -> FALSE | D30: =IF('Summary Statistics'!$C$6=TRUE,Artists!$F29<D$3,Artists!$E29<D$3) -> FALSE | E30: =IF('Summary Statistics'!$C$6=TRUE,Artists!$F29<E$3,Artists!$E29<E$3) -> FALSE | F30: =IF('Summary Statistics'!$C$6=TRUE,Artists!$F29<F$3,Artists!$E29<F$3) -> FALSE | G30: =IF('Summary Statistics'!$C$6=TRUE,Artists!$F29<G$3,Artists!$E29<G$3) -> FALSE | H30: =IF('Summary Statistics'!$C$6=TRUE,Artists!$F29<H$3,Artists!$E29<H$3) -> FALSE | I30: =IF('Summary Statistics'!$C$6=TRUE,Artists!$F29<I$3,Artists!$E29<I$3) -> FALSE | ... K30: =IF('Summary Statistics'!$C$6=TRUE,Artists!$F29<K$3,Artists!$E29<K$3) -> FALSE | M30: =IF('Summary Statistics'!$C$7=TRUE,Albums!$F29<M$3,Albums!$E29<M$3) -> FALSE | N30: =IF('Summary Statistics'!$C$7=TRUE,Albums!$F29<N$3,Albums!$E29<N$3) -> FALSE | O30: =IF('Summary Statistics'!$C$7=TRUE,Albums!$F29<O$3,Albums!$E29<O$3) -> FALSE | P30: =IF('Summary Statistics'!$C$7=TRUE,Albums!$F29<P$3,Albums!$E29<P$3) -> FALSE | Q30: =IF('Summary Statistics'!$C$7=TRUE,Albums!$F29<Q$3,Albums!$E29<Q$3) -> FALSE | R30: =IF('Summary Statistics'!$C$7=TRUE,Albums!$F29<R$3,Albums!$E29<R$3) -> FALSE | S30: =IF('Summary Statistics'!$C$7=TRUE,Albums!$F29<S$3,Albums!$E29<S$3) -> FALSE | T30: =IF('Summary Statistics'!$C$7=TRUE,Albums!$F29<T$3,Albums!$E29<T$3) -> FALSE | ... V30: =IF('Summary Statistics'!$C$7=TRUE,Albums!$F29<V$3,Albums!$E29<V$3) -> FALSE | X30: =1+X29 -> 1927 | Y30: =COUNTIF('Cleaned Data'!$K$4:$K$5004,X30) -> 0 | Z30: =SUMIF('Cleaned Data'!$K$4:'Cleaned Data'!$K$5004,Calculations!X30,'Cleaned Data'!$J$4:$J$5004) -> 0 | AA30: =SUMIF('Cleaned Data'!$K$4:'Cleaned Data'!$K$5004,Calculations!X30,'Cleaned Data'!$H$4:$H$5004) -> 0 | AJ30: =IF(AND($AC$4<=$X30,$X30<$AD$4),Y30,0) -> 0 | AK30: =IF(AND($AC$4<=$X30,$X30<$AD$4),Z30,0) -> 0 | AL30: =IF(AND($AC$4<=$X30,$X30<$AD$4),AA30,0) -> 0 | AM30: =IF(AND($AC$5<=$X30,$X30<$AD$5),Y30,0) -> 0 | AN30: =IF(AND($AC$5<=$X30,$X30<$AD$5),Z30,0) -> 0 | AO30: =IF(AND($AC$5<=$X30,$X30<$AD$5),AA30,0) -> 0 | AP30: =IF(AND($AC$6<=$X30,$X30<$AD$6),Y30,0) -> 0 | AQ30: =IF(AND($AC$6<=$X30,$X30<$AD$6),Z30,0) -> 0 | AR30: =IF(AND($AC$6<=$X30,$X30<$AD$6),AA30,0) -> 0 | AS30: =IF(AND($AC$7<=$X30,$X30<$AD$7),Y30,0) -> 0 | AT30: =IF(AND($AC$7<=$X30,$X30<$AD$7),Z30,0) -> 0 | AU30: =IF(AND($AC$7<=$X30,$X30<$AD$7),AA30,0) -> 0 | AV30: =IF(AND($AC$8<=$X30,$X30<$AD$8),Y30,0) -> 0 | AW30: =IF(AND($AC$8<=$X30,$X30<$AD$8),Z30,0) -> 0 | AX30: =IF(AND($AC$8<=$X30,$X30<$AD$8),AA30,0) -> 0 | AY30: =IF(AND($AC$9<=$X30,$X30<$AD$9),Y30,0) -> 0 | AZ30: =IF(AND($AC$9<=$X30,$X30<$AD$9),Z30,0) -> 0 | BA30: =IF(AND($AC$9<=$X30,$X30<$AD$9),AA30,0) -> 0 | BB30: =IF(AND($AC$10<=$X30,$X30<$AD$10),Y30,0) -> 0 | BC30: =IF(AND($AC$10<=$X30,$X30<$AD$10),Z30,0) -> 0 | BD30: =IF(AND($AC$10<=$X30,$X30<$AD$10),AA30,0) -> 0 | BE30: =IF(AND($AC$11<=$X30,$X30<$AD$11),Y30,0) -> 0 | BF30: =IF(AND($AC$11<=$X30,$X30<$AD$11),Z30,0) -> 0 | BG30: =IF(AND($AC$11<=$X30,$X30<$AD$11),AA30,0) -> 0 | BH30: =IF(AND($AC$12<=$X30,$X30<$AD$12),Y30,0) -> 0 | BI30: =IF(AND($AC$12<=$X30,$X30<$AD$12),Z30,0) -> 0 | BJ30: =IF(AND($AC$12<=$X30,$X30<$AD$12),AA30,0) -> 0 | BK30: =IF(AND($AC$13<=$X30,$X30<$AD$13),Y30,0) -> 0 | BL30: =IF(AND($AC$13<=$X30,$X30<$AD$13),Z30,0) -> 0 | BM30: =IF(AND($AC$13<=$X30,$X30<$AD$13),AA30,0) -> 0 | BN30: =IF(AND($AC$14<=$X30,$X30<$AD$14),Y30,0) -> 0 | BO30: =IF(AND($AC$14<=$X30,$X30<$AD$14),Z30,0) -> 0 | BP30: =IF(AND($AC$14<=$X30,$X30<$AD$14),AA30,0) -> 0 | BQ30: =IF(AND($AC$15<=$X30,$X30<$AD$15),Y30,0) -> 0 | BR30: =IF(AND($AC$15<=$X30,$X30<$AD$15),Z30,0) -> 0 | BS30: =IF(AND($AC$15<=$X30,$X30<$AD$15),AA30,0) -> 0 | BT30: =IF(AND($AC$16<=$X30,$X30<$AD$16),Y30,0) -> 0 | BU30: =IF(AND($AC$16<=$X30,$X30<$AD$16),Z30,0) -> 0 | BV30: =IF(AND($AC$16<=$X30,$X30<$AD$16),AA30,0) -> 0 | BW30: =IF(AND($AC$17<=$X30,$X30<$AD$17),Y30,0) -> 0 | BX30: =IF(AND($AC$17<=$X30,$X30<$AD$17),Z30,0) -> 0 | BY30: =IF(AND($AC$17<=$X30,$X30<$AD$17),AA30,0) -> 0 | BZ30: =IF(AND($AC$18<=$X30,$X30<$AD$18),Y30,0) -> 0 | CA30: =IF(AND($AC$18<=$X30,$X30<$AD$18),Z30,0) -> 0 | CB30: =IF(AND($AC$18<=$X30,$X30<$AD$18),AA30,0) -> 0
... B153: =IF('Summary Statistics'!$C$6=TRUE,Artists!$F152<B$3,Artists!$E152<B$3) -> FALSE | C153: =IF('Summary Statistics'!$C$6=TRUE,Artists!$F152<C$3,Artists!$E152<C$3) -> FALSE | D153: =IF('Summary Statistics'!$C$6=TRUE,Artists!$F152<D$3,Artists!$E152<D$3) -> FALSE | E153: =IF('Summary Statistics'!$C$6=TRUE,Artists!$F152<E$3,Artists!$E152<E$3) -> FALSE | F153: =IF('Summary Statistics'!$C$6=TRUE,Artists!$F152<F$3,Artists!$E152<F$3) -> FALSE | G153: =IF('Summary Statistics'!$C$6=TRUE,Artists!$F152<G$3,Artists!$E152<G$3) -> FALSE | H153: =IF('Summary Statistics'!$C$6=TRUE,Artists!$F152<H$3,Artists!$E152<H$3) -> FALSE | I153: =IF('Summary Statistics'!$C$6=TRUE,Artists!$F152<I$3,Artists!$E152<I$3) -> FALSE | ... K153: =IF('Summary Statistics'!$C$6=TRUE,Artists!$F152<K$3,Artists!$E152<K$3) -> FALSE | M153: =IF('Summary Statistics'!$C$7=TRUE,Albums!$F152<M$3,Albums!$E152<M$3) -> FALSE | N153: =IF('Summary Statistics'!$C$7=TRUE,Albums!$F152<N$3,Albums!$E152<N$3) -> FALSE | O153: =IF('Summary Statistics'!$C$7=TRUE,Albums!$F152<O$3,Albums!$E152<O$3) -> FALSE | P153: =IF('Summary Statistics'!$C$7=TRUE,Albums!$F152<P$3,Albums!$E152<P$3) -> FALSE | Q153: =IF('Summary Statistics'!$C$7=TRUE,Albums!$F152<Q$3,Albums!$E152<Q$3) -> FALSE | R153: =IF('Summary Statistics'!$C$7=TRUE,Albums!$F152<R$3,Albums!$E152<R$3) -> FALSE | S153: =IF('Summary Statistics'!$C$7=TRUE,Albums!$F152<S$3,Albums!$E152<S$3) -> FALSE | T153: =IF('Summary Statistics'!$C$7=TRUE,Albums!$F152<T$3,Albums!$E152<T$3) -> FALSE | ... V153: =IF('Summary Statistics'!$C$7=TRUE,Albums!$F152<V$3,Albums!$E152<V$3) -> FALSE | X153: =1+X152 -> 2050 | Y153: =COUNTIF('Cleaned Data'!$K$4:$K$5004,X153) -> 0 | Z153: =SUMIF('Cleaned Data'!$K$4:'Cleaned Data'!$K$5004,Calculations!X153,'Cleaned Data'!$J$4:$J$5004) -> 0 | AA153: =SUMIF('Cleaned Data'!$K$4:'Cleaned Data'!$K$5004,Calculations!X153,'Cleaned Data'!$H$4:$H$5004) -> 0 | AJ153: =IF(AND($AC$4<=$X153,$X153<$AD$4),Y153,0) -> 0 | AK153: =IF(AND($AC$4<=$X153,$X153<$AD$4),Z153,0) -> 0 | AL153: =IF(AND($AC$4<=$X153,$X153<$AD$4),AA153,0) -> 0 | AM153: =IF(AND($AC$5<=$X153,$X153<$AD$5),Y153,0) -> 0 | AN153: =IF(AND($AC$5<=$X153,$X153<$AD$5),Z153,0) -> 0 | AO153: =IF(AND($AC$5<=$X153,$X153<$AD$5),AA153,0) -> 0 | AP153: =IF(AND($AC$6<=$X153,$X153<$AD$6),Y153,0) -> 0 | AQ153: =IF(AND($AC$6<=$X153,$X153<$AD$6),Z153,0) -> 0 | AR153: =IF(AND($AC$6<=$X153,$X153<$AD$6),AA153,0) -> 0 | AS153: =IF(AND($AC$7<=$X153,$X153<$AD$7),Y153,0) -> 0 | AT153: =IF(AND($AC$7<=$X153,$X153<$AD$7),Z153,0) -> 0 | AU153: =IF(AND($AC$7<=$X153,$X153<$AD$7),AA153,0) -> 0 | AV153: =IF(AND($AC$8<=$X153,$X153<$AD$8),Y153,0) -> 0 | AW153: =IF(AND($AC$8<=$X153,$X153<$AD$8),Z153,0) -> 0 | AX153: =IF(AND($AC$8<=$X153,$X153<$AD$8),AA153,0) -> 0 | AY153: =IF(AND($AC$9<=$X153,$X153<$AD$9),Y153,0) -> 0 | AZ153: =IF(AND($AC$9<=$X153,$X153<$AD$9),Z153,0) -> 0 | BA153: =IF(AND($AC$9<=$X153,$X153<$AD$9),AA153,0) -> 0 | BB153: =IF(AND($AC$10<=$X153,$X153<$AD$10),Y153,0) -> 0 | BC153: =IF(AND($AC$10<=$X153,$X153<$AD$10),Z153,0) -> 0 | BD153: =IF(AND($AC$10<=$X153,$X153<$AD$10),AA153,0) -> 0 | BE153: =IF(AND($AC$11<=$X153,$X153<$AD$11),Y153,0) -> 0 | BF153: =IF(AND($AC$11<=$X153,$X153<$AD$11),Z153,0) -> 0 | BG153: =IF(AND($AC$11<=$X153,$X153<$AD$11),AA153,0) -> 0 | BH153: =IF(AND($AC$12<=$X153,$X153<$AD$12),Y153,0) -> 0 | BI153: =IF(AND($AC$12<=$X153,$X153<$AD$12),Z153,0) -> 0 | BJ153: =IF(AND($AC$12<=$X153,$X153<$AD$12),AA153,0) -> 0 | BK153: =IF(AND($AC$13<=$X153,$X153<$AD$13),Y153,0) -> 0 | BL153: =IF(AND($AC$13<=$X153,$X153<$AD$13),Z153,0) -> 0 | BM153: =IF(AND($AC$13<=$X153,$X153<$AD$13),AA153,0) -> 0 | BN153: =IF(AND($AC$14<=$X153,$X153<$AD$14),Y153,0) -> 0 | BO153: =IF(AND($AC$14<=$X153,$X153<$AD$14),Z153,0) -> 0 | BP153: =IF(AND($AC$14<=$X153,$X153<$AD$14),AA153,0) -> 0 | BQ153: =IF(AND($AC$15<=$X153,$X153<$AD$15),Y153,0) -> 0 | BR153: =IF(AND($AC$15<=$X153,$X153<$AD$15),Z153,0) -> 0 | BS153: =IF(AND($AC$15<=$X153,$X153<$AD$15),AA153,0) -> 0 | BT153: =IF(AND($AC$16<=$X153,$X153<$AD$16),Y153,0) -> 0 | BU153: =IF(AND($AC$16<=$X153,$X153<$AD$16),Z153,0) -> 0 | BV153: =IF(AND($AC$16<=$X153,$X153<$AD$16),AA153,0) -> 0 | BW153: =IF(AND($AC$17<=$X153,$X153<$AD$17),Y153,0) -> 0 | BX153: =IF(AND($AC$17<=$X153,$X153<$AD$17),Z153,0) -> 0 | BY153: =IF(AND($AC$17<=$X153,$X153<$AD$17),AA153,0) -> 0 | BZ153: =IF(AND($AC$18<=$X153,$X153<$AD$18),Y153,0) -> 0 | CA153: =IF(AND($AC$18<=$X153,$X153<$AD$18),Z153,0) -> 0 | CB153: =IF(AND($AC$18<=$X153,$X153<$AD$18),AA153,0) -> 0
B154: =IF('Summary Statistics'!$C$6=TRUE,Artists!$F153<B$3,Artists!$E153<B$3) -> FALSE | C154: =IF('Summary Statistics'!$C$6=TRUE,Artists!$F153<C$3,Artists!$E153<C$3) -> FALSE | D154: =IF('Summary Statistics'!$C$6=TRUE,Artists!$F153<D$3,Artists!$E153<D$3) -> FALSE | E154: =IF('Summary Statistics'!$C$6=TRUE,Artists!$F153<E$3,Artists!$E153<E$3) -> FALSE | F154: =IF('Summary Statistics'!$C$6=TRUE,Artists!$F153<F$3,Artists!$E153<F$3) -> FALSE | G154: =IF('Summary Statistics'!$C$6=TRUE,Artists!$F153<G$3,Artists!$E153<G$3) -> FALSE | H154: =IF('Summary Statistics'!$C$6=TRUE,Artists!$F153<H$3,Artists!$E153<H$3) -> FALSE | I154: =IF('Summary Statistics'!$C$6=TRUE,Artists!$F153<I$3,Artists!$E153<I$3) -> FALSE | ... K154: =IF('Summary Statistics'!$C$6=TRUE,Artists!$F153<K$3,Artists!$E153<K$3) -> FALSE | M154: =IF('Summary Statistics'!$C$7=TRUE,Albums!$F153<M$3,Albums!$E153<M$3) -> FALSE | N154: =IF('Summary Statistics'!$C$7=TRUE,Albums!$F153<N$3,Albums!$E153<N$3) -> FALSE | O154: =IF('Summary Statistics'!$C$7=TRUE,Albums!$F153<O$3,Albums!$E153<O$3) -> FALSE | P154: =IF('Summary Statistics'!$C$7=TRUE,Albums!$F153<P$3,Albums!$E153<P$3) -> FALSE | Q154: =IF('Summary Statistics'!$C$7=TRUE,Albums!$F153<Q$3,Albums!$E153<Q$3) -> FALSE | R154: =IF('Summary Statistics'!$C$7=TRUE,Albums!$F153<R$3,Albums!$E153<R$3) -> FALSE | S154: =IF('Summary Statistics'!$C$7=TRUE,Albums!$F153<S$3,Albums!$E153<S$3) -> FALSE | T154: =IF('Summary Statistics'!$C$7=TRUE,Albums!$F153<T$3,Albums!$E153<T$3) -> FALSE | ... V154: =IF('Summary Statistics'!$C$7=TRUE,Albums!$F153<V$3,Albums!$E153<V$3) -> FALSE
B155: =IF('Summary Statistics'!$C$6=TRUE,Artists!$F154<B$3,Artists!$E154<B$3) -> FALSE | C155: =IF('Summary Statistics'!$C$6=TRUE,Artists!$F154<C$3,Artists!$E154<C$3) -> FALSE | D155: =IF('Summary Statistics'!$C$6=TRUE,Artists!$F154<D$3,Artists!$E154<D$3) -> FALSE | E155: =IF('Summary Statistics'!$C$6=TRUE,Artists!$F154<E$3,Artists!$E154<E$3) -> FALSE | F155: =IF('Summary Statistics'!$C$6=TRUE,Artists!$F154<F$3,Artists!$E154<F$3) -> FALSE | G155: =IF('Summary Statistics'!$C$6=TRUE,Artists!$F154<G$3,Artists!$E154<G$3) -> FALSE | H155: =IF('Summary Statistics'!$C$6=TRUE,Artists!$F154<H$3,Artists!$E154<H$3) -> FALSE | I155: =IF('Summary Statistics'!$C$6=TRUE,Artists!$F154<I$3,Artists!$E154<I$3) -> FALSE | ... K155: =IF('Summary Statistics'!$C$6=TRUE,Artists!$F154<K$3,Artists!$E154<K$3) -> FALSE | M155: =IF('Summary Statistics'!$C$7=TRUE,Albums!$F154<M$3,Albums!$E154<M$3) -> FALSE | N155: =IF('Summary Statistics'!$C$7=TRUE,Albums!$F154<N$3,Albums!$E154<N$3) -> FALSE | O155: =IF('Summary Statistics'!$C$7=TRUE,Albums!$F154<O$3,Albums!$E154<O$3) -> FALSE | P155: =IF('Summary Statistics'!$C$7=TRUE,Albums!$F154<P$3,Albums!$E154<P$3) -> FALSE | Q155: =IF('Summary Statistics'!$C$7=TRUE,Albums!$F154<Q$3,Albums!$E154<Q$3) -> FALSE | R155: =IF('Summary Statistics'!$C$7=TRUE,Albums!$F154<R$3,Albums!$E154<R$3) -> FALSE | S155: =IF('Summary Statistics'!$C$7=TRUE,Albums!$F154<S$3,Albums!$E154<S$3) -> FALSE | T155: =IF('Summary Statistics'!$C$7=TRUE,Albums!$F154<T$3,Albums!$E154<T$3) -> FALSE | ... V155: =IF('Summary Statistics'!$C$7=TRUE,Albums!$F154<V$3,Albums!$E154<V$3) -> FALSE
B156: =IF('Summary Statistics'!$C$6=TRUE,Artists!$F155<B$3,Artists!$E155<B$3) -> FALSE | C156: =IF('Summary Statistics'!$C$6=TRUE,Artists!$F155<C$3,Artists!$E155<C$3) -> FALSE | D156: =IF('Summary Statistics'!$C$6=TRUE,Artists!$F155<D$3,Artists!$E155<D$3) -> FALSE | E156: =IF('Summary Statistics'!$C$6=TRUE,Artists!$F155<E$3,Artists!$E155<E$3) -> FALSE | F156: =IF('Summary Statistics'!$C$6=TRUE,Artists!$F155<F$3,Artists!$E155<F$3) -> FALSE | G156: =IF('Summary Statistics'!$C$6=TRUE,Artists!$F155<G$3,Artists!$E155<G$3) -> FALSE | H156: =IF('Summary Statistics'!$C$6=TRUE,Artists!$F155<H$3,Artists!$E155<H$3) -> FALSE | I156: =IF('Summary Statistics'!$C$6=TRUE,Artists!$F155<I$3,Artists!$E155<I$3) -> FALSE | ... K156: =IF('Summary Statistics'!$C$6=TRUE,Artists!$F155<K$3,Artists!$E155<K$3) -> FALSE | M156: =IF('Summary Statistics'!$C$7=TRUE,Albums!$F155<M$3,Albums!$E155<M$3) -> FALSE | N156: =IF('Summary Statistics'!$C$7=TRUE,Albums!$F155<N$3,Albums!$E155<N$3) -> FALSE | O156: =IF('Summary Statistics'!$C$7=TRUE,Albums!$F155<O$3,Albums!$E155<O$3) -> FALSE | P156: =IF('Summary Statistics'!$C$7=TRUE,Albums!$F155<P$3,Albums!$E155<P$3) -> FALSE | Q156: =IF('Summary Statistics'!$C$7=TRUE,Albums!$F155<Q$3,Albums!$E155<Q$3) -> FALSE | R156: =IF('Summary Statistics'!$C$7=TRUE,Albums!$F155<R$3,Albums!$E155<R$3) -> FALSE | S156: =IF('Summary Statistics'!$C$7=TRUE,Albums!$F155<S$3,Albums!$E155<S$3) -> FALSE | T156: =IF('Summary Statistics'!$C$7=TRUE,Albums!$F155<T$3,Albums!$E155<T$3) -> FALSE | ... V156: =IF('Summary Statistics'!$C$7=TRUE,Albums!$F155<V$3,Albums!$E155<V$3) -> FALSE
B157: =IF('Summary Statistics'!$C$6=TRUE,Artists!$F156<B$3,Artists!$E156<B$3) -> FALSE | C157: =IF('Summary Statistics'!$C$6=TRUE,Artists!$F156<C$3,Artists!$E156<C$3) -> FALSE | D157: =IF('Summary Statistics'!$C$6=TRUE,Artists!$F156<D$3,Artists!$E156<D$3) -> FALSE | E157: =IF('Summary Statistics'!$C$6=TRUE,Artists!$F156<E$3,Artists!$E156<E$3) -> FALSE | F157: =IF('Summary Statistics'!$C$6=TRUE,Artists!$F156<F$3,Artists!$E156<F$3) -> FALSE | G157: =IF('Summary Statistics'!$C$6=TRUE,Artists!$F156<G$3,Artists!$E156<G$3) -> FALSE | H157: =IF('Summary Statistics'!$C$6=TRUE,Artists!$F156<H$3,Artists!$E156<H$3) -> FALSE | I157: =IF('Summary Statistics'!$C$6=TRUE,Artists!$F156<I$3,Artists!$E156<I$3) -> FALSE | ... K157: =IF('Summary Statistics'!$C$6=TRUE,Artists!$F156<K$3,Artists!$E156<K$3) -> FALSE | M157: =IF('Summary Statistics'!$C$7=TRUE,Albums!$F156<M$3,Albums!$E156<M$3) -> FALSE | N157: =IF('Summary Statistics'!$C$7=TRUE,Albums!$F156<N$3,Albums!$E156<N$3) -> FALSE | O157: =IF('Summary Statistics'!$C$7=TRUE,Albums!$F156<O$3,Albums!$E156<O$3) -> FALSE | P157: =IF('Summary Statistics'!$C$7=TRUE,Albums!$F156<P$3,Albums!$E156<P$3) -> FALSE | Q157: =IF('Summary Statistics'!$C$7=TRUE,Albums!$F156<Q$3,Albums!$E156<Q$3) -> FALSE | R157: =IF('Summary Statistics'!$C$7=TRUE,Albums!$F156<R$3,Albums!$E156<R$3) -> FALSE | S157: =IF('Summary Statistics'!$C$7=TRUE,Albums!$F156<S$3,Albums!$E156<S$3) -> FALSE | T157: =IF('Summary Statistics'!$C$7=TRUE,Albums!$F156<T$3,Albums!$E156<T$3) -> FALSE | ... V157: =IF('Summary Statistics'!$C$7=TRUE,Albums!$F156<V$3,Albums!$E156<V$3) -> FALSE
B158: =IF('Summary Statistics'!$C$6=TRUE,Artists!$F157<B$3,Artists!$E157<B$3) -> FALSE | C158: =IF('Summary Statistics'!$C$6=TRUE,Artists!$F157<C$3,Artists!$E157<C$3) -> FALSE | D158: =IF('Summary Statistics'!$C$6=TRUE,Artists!$F157<D$3,Artists!$E157<D$3) -> FALSE | E158: =IF('Summary Statistics'!$C$6=TRUE,Artists!$F157<E$3,Artists!$E157<E$3) -> FALSE | F158: =IF('Summary Statistics'!$C$6=TRUE,Artists!$F157<F$3,Artists!$E157<F$3) -> FALSE | G158: =IF('Summary Statistics'!$C$6=TRUE,Artists!$F157<G$3,Artists!$E157<G$3) -> FALSE | H158: =IF('Summary Statistics'!$C$6=TRUE,Artists!$F157<H$3,Artists!$E157<H$3) -> FALSE | I158: =IF('Summary Statistics'!$C$6=TRUE,Artists!$F157<I$3,Artists!$E157<I$3) -> FALSE | ... K158: =IF('Summary Statistics'!$C$6=TRUE,Artists!$F157<K$3,Artists!$E157<K$3) -> FALSE | M158: =IF('Summary Statistics'!$C$7=TRUE,Albums!$F157<M$3,Albums!$E157<M$3) -> FALSE | N158: =IF('Summary Statistics'!$C$7=TRUE,Albums!$F157<N$3,Albums!$E157<N$3) -> FALSE | O158: =IF('Summary Statistics'!$C$7=TRUE,Albums!$F157<O$3,Albums!$E157<O$3) -> FALSE | P158: =IF('Summary Statistics'!$C$7=TRUE,Albums!$F157<P$3,Albums!$E157<P$3) -> FALSE | Q158: =IF('Summary Statistics'!$C$7=TRUE,Albums!$F157<Q$3,Albums!$E157<Q$3) -> FALSE | R158: =IF('Summary Statistics'!$C$7=TRUE,Albums!$F157<R$3,Albums!$E157<R$3) -> FALSE | S158: =IF('Summary Statistics'!$C$7=TRUE,Albums!$F157<S$3,Albums!$E157<S$3) -> FALSE | T158: =IF('Summary Statistics'!$C$7=TRUE,Albums!$F157<T$3,Albums!$E157<T$3) -> FALSE | ... V158: =IF('Summary Statistics'!$C$7=TRUE,Albums!$F157<V$3,Albums!$E157<V$3) -> FALSE
B159: =IF('Summary Statistics'!$C$6=TRUE,Artists!$F158<B$3,Artists!$E158<B$3) -> FALSE | C159: =IF('Summary Statistics'!$C$6=TRUE,Artists!$F158<C$3,Artists!$E158<C$3) -> FALSE | D159: =IF('Summary Statistics'!$C$6=TRUE,Artists!$F158<D$3,Artists!$E158<D$3) -> FALSE | E159: =IF('Summary Statistics'!$C$6=TRUE,Artists!$F158<E$3,Artists!$E158<E$3) -> FALSE | F159: =IF('Summary Statistics'!$C$6=TRUE,Artists!$F158<F$3,Artists!$E158<F$3) -> FALSE | G159: =IF('Summary Statistics'!$C$6=TRUE,Artists!$F158<G$3,Artists!$E158<G$3) -> FALSE | H159: =IF('Summary Statistics'!$C$6=TRUE,Artists!$F158<H$3,Artists!$E158<H$3) -> FALSE | I159: =IF('Summary Statistics'!$C$6=TRUE,Artists!$F158<I$3,Artists!$E158<I$3) -> FALSE | ... K159: =IF('Summary Statistics'!$C$6=TRUE,Artists!$F158<K$3,Artists!$E158<K$3) -> FALSE | M159: =IF('Summary Statistics'!$C$7=TRUE,Albums!$F158<M$3,Albums!$E158<M$3) -> FALSE | N159: =IF('Summary Statistics'!$C$7=TRUE,Albums!$F158<N$3,Albums!$E158<N$3) -> FALSE | O159: =IF('Summary Statistics'!$C$7=TRUE,Albums!$F158<O$3,Albums!$E158<O$3) -> FALSE | P159: =IF('Summary Statistics'!$C$7=TRUE,Albums!$F158<P$3,Albums!$E158<P$3) -> FALSE | Q159: =IF('Summary Statistics'!$C$7=TRUE,Albums!$F158<Q$3,Albums!$E158<Q$3) -> FALSE | R159: =IF('Summary Statistics'!$C$7=TRUE,Albums!$F158<R$3,Albums!$E158<R$3) -> FALSE | S159: =IF('Summary Statistics'!$C$7=TRUE,Albums!$F158<S$3,Albums!$E158<S$3) -> FALSE | T159: =IF('Summary Statistics'!$C$7=TRUE,Albums!$F158<T$3,Albums!$E158<T$3) -> FALSE | ... V159: =IF('Summary Statistics'!$C$7=TRUE,Albums!$F158<V$3,Albums!$E158<V$3) -> FALSE
B160: =IF('Summary Statistics'!$C$6=TRUE,Artists!$F159<B$3,Artists!$E159<B$3) -> FALSE | C160: =IF('Summary Statistics'!$C$6=TRUE,Artists!$F159<C$3,Artists!$E159<C$3) -> FALSE | D160: =IF('Summary Statistics'!$C$6=TRUE,Artists!$F159<D$3,Artists!$E159<D$3) -> FALSE | E160: =IF('Summary Statistics'!$C$6=TRUE,Artists!$F159<E$3,Artists!$E159<E$3) -> FALSE | F160: =IF('Summary Statistics'!$C$6=TRUE,Artists!$F159<F$3,Artists!$E159<F$3) -> FALSE | G160: =IF('Summary Statistics'!$C$6=TRUE,Artists!$F159<G$3,Artists!$E159<G$3) -> FALSE | H160: =IF('Summary Statistics'!$C$6=TRUE,Artists!$F159<H$3,Artists!$E159<H$3) -> FALSE | I160: =IF('Summary Statistics'!$C$6=TRUE,Artists!$F159<I$3,Artists!$E159<I$3) -> FALSE | ... K160: =IF('Summary Statistics'!$C$6=TRUE,Artists!$F159<K$3,Artists!$E159<K$3) -> FALSE | M160: =IF('Summary Statistics'!$C$7=TRUE,Albums!$F159<M$3,Albums!$E159<M$3) -> FALSE | N160: =IF('Summary Statistics'!$C$7=TRUE,Albums!$F159<N$3,Albums!$E159<N$3) -> FALSE | O160: =IF('Summary Statistics'!$C$7=TRUE,Albums!$F159<O$3,Albums!$E159<O$3) -> FALSE | P160: =IF('Summary Statistics'!$C$7=TRUE,Albums!$F159<P$3,Albums!$E159<P$3) -> FALSE | Q160: =IF('Summary Statistics'!$C$7=TRUE,Albums!$F159<Q$3,Albums!$E159<Q$3) -> FALSE | R160: =IF('Summary Statistics'!$C$7=TRUE,Albums!$F159<R$3,Albums!$E159<R$3) -> FALSE | S160: =IF('Summary Statistics'!$C$7=TRUE,Albums!$F159<S$3,Albums!$E159<S$3) -> FALSE | T160: =IF('Summary Statistics'!$C$7=TRUE,Albums!$F159<T$3,Albums!$E159<T$3) -> FALSE | ... V160: =IF('Summary Statistics'!$C$7=TRUE,Albums!$F159<V$3,Albums!$E159<V$3) -> FALSE
B161: =IF('Summary Statistics'!$C$6=TRUE,Artists!$F160<B$3,Artists!$E160<B$3) -> FALSE | C161: =IF('Summary Statistics'!$C$6=TRUE,Artists!$F160<C$3,Artists!$E160<C$3) -> FALSE | D161: =IF('Summary Statistics'!$C$6=TRUE,Artists!$F160<D$3,Artists!$E160<D$3) -> FALSE | E161: =IF('Summary Statistics'!$C$6=TRUE,Artists!$F160<E$3,Artists!$E160<E$3) -> FALSE | F161: =IF('Summary Statistics'!$C$6=TRUE,Artists!$F160<F$3,Artists!$E160<F$3) -> FALSE | G161: =IF('Summary Statistics'!$C$6=TRUE,Artists!$F160<G$3,Artists!$E160<G$3) -> FALSE | H161: =IF('Summary Statistics'!$C$6=TRUE,Artists!$F160<H$3,Artists!$E160<H$3) -> FALSE | I161: =IF('Summary Statistics'!$C$6=TRUE,Artists!$F160<I$3,Artists!$E160<I$3) -> FALSE | ... K161: =IF('Summary Statistics'!$C$6=TRUE,Artists!$F160<K$3,Artists!$E160<K$3) -> FALSE | M161: =IF('Summary Statistics'!$C$7=TRUE,Albums!$F160<M$3,Albums!$E160<M$3) -> FALSE | N161: =IF('Summary Statistics'!$C$7=TRUE,Albums!$F160<N$3,Albums!$E160<N$3) -> FALSE | O161: =IF('Summary Statistics'!$C$7=TRUE,Albums!$F160<O$3,Albums!$E160<O$3) -> FALSE | P161: =IF('Summary Statistics'!$C$7=TRUE,Albums!$F160<P$3,Albums!$E160<P$3) -> FALSE | Q161: =IF('Summary Statistics'!$C$7=TRUE,Albums!$F160<Q$3,Albums!$E160<Q$3) -> FALSE | R161: =IF('Summary Statistics'!$C$7=TRUE,Albums!$F160<R$3,Albums!$E160<R$3) -> FALSE | S161: =IF('Summary Statistics'!$C$7=TRUE,Albums!$F160<S$3,Albums!$E160<S$3) -> FALSE | T161: =IF('Summary Statistics'!$C$7=TRUE,Albums!$F160<T$3,Albums!$E160<T$3) -> FALSE | ... V161: =IF('Summary Statistics'!$C$7=TRUE,Albums!$F160<V$3,Albums!$E160<V$3) -> FALSE
B162: =IF('Summary Statistics'!$C$6=TRUE,Artists!$F161<B$3,Artists!$E161<B$3) -> FALSE | C162: =IF('Summary Statistics'!$C$6=TRUE,Artists!$F161<C$3,Artists!$E161<C$3) -> FALSE | D162: =IF('Summary Statistics'!$C$6=TRUE,Artists!$F161<D$3,Artists!$E161<D$3) -> FALSE | E162: =IF('Summary Statistics'!$C$6=TRUE,Artists!$F161<E$3,Artists!$E161<E$3) -> FALSE | F162: =IF('Summary Statistics'!$C$6=TRUE,Artists!$F161<F$3,Artists!$E161<F$3) -> FALSE | G162: =IF('Summary Statistics'!$C$6=TRUE,Artists!$F161<G$3,Artists!$E161<G$3) -> FALSE | H162: =IF('Summary Statistics'!$C$6=TRUE,Artists!$F161<H$3,Artists!$E161<H$3) -> FALSE | I162: =IF('Summary Statistics'!$C$6=TRUE,Artists!$F161<I$3,Artists!$E161<I$3) -> FALSE | ... K162: =IF('Summary Statistics'!$C$6=TRUE,Artists!$F161<K$3,Artists!$E161<K$3) -> FALSE | M162: =IF('Summary Statistics'!$C$7=TRUE,Albums!$F161<M$3,Albums!$E161<M$3) -> FALSE | N162: =IF('Summary Statistics'!$C$7=TRUE,Albums!$F161<N$3,Albums!$E161<N$3) -> FALSE | O162: =IF('Summary Statistics'!$C$7=TRUE,Albums!$F161<O$3,Albums!$E161<O$3) -> FALSE | P162: =IF('Summary Statistics'!$C$7=TRUE,Albums!$F161<P$3,Albums!$E161<P$3) -> FALSE | Q162: =IF('Summary Statistics'!$C$7=TRUE,Albums!$F161<Q$3,Albums!$E161<Q$3) -> FALSE | R162: =IF('Summary Statistics'!$C$7=TRUE,Albums!$F161<R$3,Albums!$E161<R$3) -> FALSE | S162: =IF('Summary Statistics'!$C$7=TRUE,Albums!$F161<S$3,Albums!$E161<S$3) -> FALSE | T162: =IF('Summary Statistics'!$C$7=TRUE,Albums!$F161<T$3,Albums!$E161<T$3) -> FALSE | ... V162: =IF('Summary Statistics'!$C$7=TRUE,Albums!$F161<V$3,Albums!$E161<V$3) -> FALSE
B163: =IF('Summary Statistics'!$C$6=TRUE,Artists!$F162<B$3,Artists!$E162<B$3) -> FALSE | C163: =IF('Summary Statistics'!$C$6=TRUE,Artists!$F162<C$3,Artists!$E162<C$3) -> FALSE | D163: =IF('Summary Statistics'!$C$6=TRUE,Artists!$F162<D$3,Artists!$E162<D$3) -> FALSE | E163: =IF('Summary Statistics'!$C$6=TRUE,Artists!$F162<E$3,Artists!$E162<E$3) -> FALSE | F163: =IF('Summary Statistics'!$C$6=TRUE,Artists!$F162<F$3,Artists!$E162<F$3) -> FALSE | G163: =IF('Summary Statistics'!$C$6=TRUE,Artists!$F162<G$3,Artists!$E162<G$3) -> FALSE | H163: =IF('Summary Statistics'!$C$6=TRUE,Artists!$F162<H$3,Artists!$E162<H$3) -> FALSE | I163: =IF('Summary Statistics'!$C$6=TRUE,Artists!$F162<I$3,Artists!$E162<I$3) -> FALSE | ... K163: =IF('Summary Statistics'!$C$6=TRUE,Artists!$F162<K$3,Artists!$E162<K$3) -> FALSE | M163: =IF('Summary Statistics'!$C$7=TRUE,Albums!$F162<M$3,Albums!$E162<M$3) -> FALSE | N163: =IF('Summary Statistics'!$C$7=TRUE,Albums!$F162<N$3,Albums!$E162<N$3) -> FALSE | O163: =IF('Summary Statistics'!$C$7=TRUE,Albums!$F162<O$3,Albums!$E162<O$3) -> FALSE | P163: =IF('Summary Statistics'!$C$7=TRUE,Albums!$F162<P$3,Albums!$E162<P$3) -> FALSE | Q163: =IF('Summary Statistics'!$C$7=TRUE,Albums!$F162<Q$3,Albums!$E162<Q$3) -> FALSE | R163: =IF('Summary Statistics'!$C$7=TRUE,Albums!$F162<R$3,Albums!$E162<R$3) -> FALSE | S163: =IF('Summary Statistics'!$C$7=TRUE,Albums!$F162<S$3,Albums!$E162<S$3) -> FALSE | T163: =IF('Summary Statistics'!$C$7=TRUE,Albums!$F162<T$3,Albums!$E162<T$3) -> FALSE | ... V163: =IF('Summary Statistics'!$C$7=TRUE,Albums!$F162<V$3,Albums!$E162<V$3) -> FALSE
B164: =IF('Summary Statistics'!$C$6=TRUE,Artists!$F163<B$3,Artists!$E163<B$3) -> FALSE | C164: =IF('Summary Statistics'!$C$6=TRUE,Artists!$F163<C$3,Artists!$E163<C$3) -> FALSE | D164: =IF('Summary Statistics'!$C$6=TRUE,Artists!$F163<D$3,Artists!$E163<D$3) -> FALSE | E164: =IF('Summary Statistics'!$C$6=TRUE,Artists!$F163<E$3,Artists!$E163<E$3) -> FALSE | F164: =IF('Summary Statistics'!$C$6=TRUE,Artists!$F163<F$3,Artists!$E163<F$3) -> FALSE | G164: =IF('Summary Statistics'!$C$6=TRUE,Artists!$F163<G$3,Artists!$E163<G$3) -> FALSE | H164: =IF('Summary Statistics'!$C$6=TRUE,Artists!$F163<H$3,Artists!$E163<H$3) -> FALSE | I164: =IF('Summary Statistics'!$C$6=TRUE,Artists!$F163<I$3,Artists!$E163<I$3) -> FALSE | ... K164: =IF('Summary Statistics'!$C$6=TRUE,Artists!$F163<K$3,Artists!$E163<K$3) -> FALSE | M164: =IF('Summary Statistics'!$C$7=TRUE,Albums!$F163<M$3,Albums!$E163<M$3) -> FALSE | N164: =IF('Summary Statistics'!$C$7=TRUE,Albums!$F163<N$3,Albums!$E163<N$3) -> FALSE | O164: =IF('Summary Statistics'!$C$7=TRUE,Albums!$F163<O$3,Albums!$E163<O$3) -> FALSE | P164: =IF('Summary Statistics'!$C$7=TRUE,Albums!$F163<P$3,Albums!$E163<P$3) -> FALSE | Q164: =IF('Summary Statistics'!$C$7=TRUE,Albums!$F163<Q$3,Albums!$E163<Q$3) -> FALSE | R164: =IF('Summary Statistics'!$C$7=TRUE,Albums!$F163<R$3,Albums!$E163<R$3) -> FALSE | S164: =IF('Summary Statistics'!$C$7=TRUE,Albums!$F163<S$3,Albums!$E163<S$3) -> FALSE | T164: =IF('Summary Statistics'!$C$7=TRUE,Albums!$F163<T$3,Albums!$E163<T$3) -> FALSE | ... V164: =IF('Summary Statistics'!$C$7=TRUE,Albums!$F163<V$3,Albums!$E163<V$3) -> FALSE
B165: =IF('Summary Statistics'!$C$6=TRUE,Artists!$F164<B$3,Artists!$E164<B$3) -> FALSE | C165: =IF('Summary Statistics'!$C$6=TRUE,Artists!$F164<C$3,Artists!$E164<C$3) -> FALSE | D165: =IF('Summary Statistics'!$C$6=TRUE,Artists!$F164<D$3,Artists!$E164<D$3) -> FALSE | E165: =IF('Summary Statistics'!$C$6=TRUE,Artists!$F164<E$3,Artists!$E164<E$3) -> FALSE | F165: =IF('Summary Statistics'!$C$6=TRUE,Artists!$F164<F$3,Artists!$E164<F$3) -> FALSE | G165: =IF('Summary Statistics'!$C$6=TRUE,Artists!$F164<G$3,Artists!$E164<G$3) -> FALSE | H165: =IF('Summary Statistics'!$C$6=TRUE,Artists!$F164<H$3,Artists!$E164<H$3) -> FALSE | I165: =IF('Summary Statistics'!$C$6=TRUE,Artists!$F164<I$3,Artists!$E164<I$3) -> FALSE | ... K165: =IF('Summary Statistics'!$C$6=TRUE,Artists!$F164<K$3,Artists!$E164<K$3) -> FALSE | M165: =IF('Summary Statistics'!$C$7=TRUE,Albums!$F164<M$3,Albums!$E164<M$3) -> FALSE | N165: =IF('Summary Statistics'!$C$7=TRUE,Albums!$F164<N$3,Albums!$E164<N$3) -> FALSE | O165: =IF('Summary Statistics'!$C$7=TRUE,Albums!$F164<O$3,Albums!$E164<O$3) -> FALSE | P165: =IF('Summary Statistics'!$C$7=TRUE,Albums!$F164<P$3,Albums!$E164<P$3) -> FALSE | Q165: =IF('Summary Statistics'!$C$7=TRUE,Albums!$F164<Q$3,Albums!$E164<Q$3) -> FALSE | R165: =IF('Summary Statistics'!$C$7=TRUE,Albums!$F164<R$3,Albums!$E164<R$3) -> FALSE | S165: =IF('Summary Statistics'!$C$7=TRUE,Albums!$F164<S$3,Albums!$E164<S$3) -> FALSE | T165: =IF('Summary Statistics'!$C$7=TRUE,Albums!$F164<T$3,Albums!$E164<T$3) -> FALSE | ... V165: =IF('Summary Statistics'!$C$7=TRUE,Albums!$F164<V$3,Albums!$E164<V$3) -> FALSE
... B1000: =IF('Summary Statistics'!$C$6=TRUE,Artists!$F999<B$3,Artists!$E999<B$3) -> FALSE | C1000: =IF('Summary Statistics'!$C$6=TRUE,Artists!$F999<C$3,Artists!$E999<C$3) -> FALSE | D1000: =IF('Summary Statistics'!$C$6=TRUE,Artists!$F999<D$3,Artists!$E999<D$3) -> FALSE | E1000: =IF('Summary Statistics'!$C$6=TRUE,Artists!$F999<E$3,Artists!$E999<E$3) -> FALSE | F1000: =IF('Summary Statistics'!$C$6=TRUE,Artists!$F999<F$3,Artists!$E999<F$3) -> FALSE | G1000: =IF('Summary Statistics'!$C$6=TRUE,Artists!$F999<G$3,Artists!$E999<G$3) -> FALSE | H1000: =IF('Summary Statistics'!$C$6=TRUE,Artists!$F999<H$3,Artists!$E999<H$3) -> FALSE | I1000: =IF('Summary Statistics'!$C$6=TRUE,Artists!$F999<I$3,Artists!$E999<I$3) -> FALSE | ... K1000: =IF('Summary Statistics'!$C$6=TRUE,Artists!$F999<K$3,Artists!$E999<K$3) -> FALSE | M1000: =IF('Summary Statistics'!$C$7=TRUE,Albums!$F999<M$3,Albums!$E999<M$3) -> FALSE | N1000: =IF('Summary Statistics'!$C$7=TRUE,Albums!$F999<N$3,Albums!$E999<N$3) -> FALSE | O1000: =IF('Summary Statistics'!$C$7=TRUE,Albums!$F999<O$3,Albums!$E999<O$3) -> FALSE | P1000: =IF('Summary Statistics'!$C$7=TRUE,Albums!$F999<P$3,Albums!$E999<P$3) -> FALSE | Q1000: =IF('Summary Statistics'!$C$7=TRUE,Albums!$F999<Q$3,Albums!$E999<Q$3) -> FALSE | R1000: =IF('Summary Statistics'!$C$7=TRUE,Albums!$F999<R$3,Albums!$E999<R$3) -> FALSE | S1000: =IF('Summary Statistics'!$C$7=TRUE,Albums!$F999<S$3,Albums!$E999<S$3) -> FALSE | T1000: =IF('Summary Statistics'!$C$7=TRUE,Albums!$F999<T$3,Albums!$E999<T$3) -> FALSE | ... V1000: =IF('Summary Statistics'!$C$7=TRUE,Albums!$F999<V$3,Albums!$E999<V$3) -> FALSE
M1001: =IF('Summary Statistics'!$C$7=TRUE,Albums!$F1000<M$3,Albums!$E1000<M$3) -> FALSE | N1001: =IF('Summary Statistics'!$C$7=TRUE,Albums!$F1000<N$3,Albums!$E1000<N$3) -> FALSE | O1001: =IF('Summary Statistics'!$C$7=TRUE,Albums!$F1000<O$3,Albums!$E1000<O$3) -> FALSE | P1001: =IF('Summary Statistics'!$C$7=TRUE,Albums!$F1000<P$3,Albums!$E1000<P$3) -> FALSE | Q1001: =IF('Summary Statistics'!$C$7=TRUE,Albums!$F1000<Q$3,Albums!$E1000<Q$3) -> FALSE | R1001: =IF('Summary Statistics'!$C$7=TRUE,Albums!$F1000<R$3,Albums!$E1000<R$3) -> FALSE | S1001: =IF('Summary Statistics'!$C$7=TRUE,Albums!$F1000<S$3,Albums!$E1000<S$3) -> FALSE | T1001: =IF('Summary Statistics'!$C$7=TRUE,Albums!$F1000<T$3,Albums!$E1000<T$3) -> FALSE | ... V1001: =IF('Summary Statistics'!$C$7=TRUE,Albums!$F1000<V$3,Albums!$E1000<V$3) -> FALSE
M1002: =IF('Summary Statistics'!$C$7=TRUE,Albums!$F1001<M$3,Albums!$E1001<M$3) -> FALSE | N1002: =IF('Summary Statistics'!$C$7=TRUE,Albums!$F1001<N$3,Albums!$E1001<N$3) -> FALSE | O1002: =IF('Summary Statistics'!$C$7=TRUE,Albums!$F1001<O$3,Albums!$E1001<O$3) -> FALSE | P1002: =IF('Summary Statistics'!$C$7=TRUE,Albums!$F1001<P$3,Albums!$E1001<P$3) -> FALSE | Q1002: =IF('Summary Statistics'!$C$7=TRUE,Albums!$F1001<Q$3,Albums!$E1001<Q$3) -> FALSE | R1002: =IF('Summary Statistics'!$C$7=TRUE,Albums!$F1001<R$3,Albums!$E1001<R$3) -> FALSE | S1002: =IF('Summary Statistics'!$C$7=TRUE,Albums!$F1001<S$3,Albums!$E1001<S$3) -> FALSE | T1002: =IF('Summary Statistics'!$C$7=TRUE,Albums!$F1001<T$3,Albums!$E1001<T$3) -> FALSE | ... V1002: =IF('Summary Statistics'!$C$7=TRUE,Albums!$F1001<V$3,Albums!$E1001<V$3) -> FALSE
M1003: =IF('Summary Statistics'!$C$7=TRUE,Albums!$F1002<M$3,Albums!$E1002<M$3) -> FALSE | N1003: =IF('Summary Statistics'!$C$7=TRUE,Albums!$F1002<N$3,Albums!$E1002<N$3) -> FALSE | O1003: =IF('Summary Statistics'!$C$7=TRUE,Albums!$F1002<O$3,Albums!$E1002<O$3) -> FALSE | P1003: =IF('Summary Statistics'!$C$7=TRUE,Albums!$F1002<P$3,Albums!$E1002<P$3) -> FALSE | Q1003: =IF('Summary Statistics'!$C$7=TRUE,Albums!$F1002<Q$3,Albums!$E1002<Q$3) -> FALSE | R1003: =IF('Summary Statistics'!$C$7=TRUE,Albums!$F1002<R$3,Albums!$E1002<R$3) -> FALSE | S1003: =IF('Summary Statistics'!$C$7=TRUE,Albums!$F1002<S$3,Albums!$E1002<S$3) -> FALSE | T1003: =IF('Summary Statistics'!$C$7=TRUE,Albums!$F1002<T$3,Albums!$E1002<T$3) -> FALSE | ... V1003: =IF('Summary Statistics'!$C$7=TRUE,Albums!$F1002<V$3,Albums!$E1002<V$3) -> FALSE
M1004: =IF('Summary Statistics'!$C$7=TRUE,Albums!$F1003<M$3,Albums!$E1003<M$3) -> FALSE | N1004: =IF('Summary Statistics'!$C$7=TRUE,Albums!$F1003<N$3,Albums!$E1003<N$3) -> FALSE | O1004: =IF('Summary Statistics'!$C$7=TRUE,Albums!$F1003<O$3,Albums!$E1003<O$3) -> FALSE | P1004: =IF('Summary Statistics'!$C$7=TRUE,Albums!$F1003<P$3,Albums!$E1003<P$3) -> FALSE | Q1004: =IF('Summary Statistics'!$C$7=TRUE,Albums!$F1003<Q$3,Albums!$E1003<Q$3) -> FALSE | R1004: =IF('Summary Statistics'!$C$7=TRUE,Albums!$F1003<R$3,Albums!$E1003<R$3) -> FALSE | S1004: =IF('Summary Statistics'!$C$7=TRUE,Albums!$F1003<S$3,Albums!$E1003<S$3) -> FALSE | T1004: =IF('Summary Statistics'!$C$7=TRUE,Albums!$F1003<T$3,Albums!$E1003<T$3) -> FALSE | ... V1004: =IF('Summary Statistics'!$C$7=TRUE,Albums!$F1003<V$3,Albums!$E1003<V$3) -> FALSE
M1005: =IF('Summary Statistics'!$C$7=TRUE,Albums!$F1004<M$3,Albums!$E1004<M$3) -> FALSE | N1005: =IF('Summary Statistics'!$C$7=TRUE,Albums!$F1004<N$3,Albums!$E1004<N$3) -> FALSE | O1005: =IF('Summary Statistics'!$C$7=TRUE,Albums!$F1004<O$3,Albums!$E1004<O$3) -> FALSE | P1005: =IF('Summary Statistics'!$C$7=TRUE,Albums!$F1004<P$3,Albums!$E1004<P$3) -> FALSE | Q1005: =IF('Summary Statistics'!$C$7=TRUE,Albums!$F1004<Q$3,Albums!$E1004<Q$3) -> FALSE | R1005: =IF('Summary Statistics'!$C$7=TRUE,Albums!$F1004<R$3,Albums!$E1004<R$3) -> FALSE | S1005: =IF('Summary Statistics'!$C$7=TRUE,Albums!$F1004<S$3,Albums!$E1004<S$3) -> FALSE | T1005: =IF('Summary Statistics'!$C$7=TRUE,Albums!$F1004<T$3,Albums!$E1004<T$3) -> FALSE | ... V1005: =IF('Summary Statistics'!$C$7=TRUE,Albums!$F1004<V$3,Albums!$E1004<V$3) -> FALSE
M1006: =IF('Summary Statistics'!$C$7=TRUE,Albums!$F1005<M$3,Albums!$E1005<M$3) -> FALSE | N1006: =IF('Summary Statistics'!$C$7=TRUE,Albums!$F1005<N$3,Albums!$E1005<N$3) -> FALSE | O1006: =IF('Summary Statistics'!$C$7=TRUE,Albums!$F1005<O$3,Albums!$E1005<O$3) -> FALSE | P1006: =IF('Summary Statistics'!$C$7=TRUE,Albums!$F1005<P$3,Albums!$E1005<P$3) -> FALSE | Q1006: =IF('Summary Statistics'!$C$7=TRUE,Albums!$F1005<Q$3,Albums!$E1005<Q$3) -> FALSE | R1006: =IF('Summary Statistics'!$C$7=TRUE,Albums!$F1005<R$3,Albums!$E1005<R$3) -> FALSE | S1006: =IF('Summary Statistics'!$C$7=TRUE,Albums!$F1005<S$3,Albums!$E1005<S$3) -> FALSE | T1006: =IF('Summary Statistics'!$C$7=TRUE,Albums!$F1005<T$3,Albums!$E1005<T$3) -> FALSE | ... V1006: =IF('Summary Statistics'!$C$7=TRUE,Albums!$F1005<V$3,Albums!$E1005<V$3) -> FALSE
M1007: =IF('Summary Statistics'!$C$7=TRUE,Albums!$F1006<M$3,Albums!$E1006<M$3) -> FALSE | N1007: =IF('Summary Statistics'!$C$7=TRUE,Albums!$F1006<N$3,Albums!$E1006<N$3) -> FALSE | O1007: =IF('Summary Statistics'!$C$7=TRUE,Albums!$F1006<O$3,Albums!$E1006<O$3) -> FALSE | P1007: =IF('Summary Statistics'!$C$7=TRUE,Albums!$F1006<P$3,Albums!$E1006<P$3) -> FALSE | Q1007: =IF('Summary Statistics'!$C$7=TRUE,Albums!$F1006<Q$3,Albums!$E1006<Q$3) -> FALSE | R1007: =IF('Summary Statistics'!$C$7=TRUE,Albums!$F1006<R$3,Albums!$E1006<R$3) -> FALSE | S1007: =IF('Summary Statistics'!$C$7=TRUE,Albums!$F1006<S$3,Albums!$E1006<S$3) -> FALSE | T1007: =IF('Summary Statistics'!$C$7=TRUE,Albums!$F1006<T$3,Albums!$E1006<T$3) -> FALSE | ... V1007: =IF('Summary Statistics'!$C$7=TRUE,Albums!$F1006<V$3,Albums!$E1006<V$3) -> FALSE
M1008: =IF('Summary Statistics'!$C$7=TRUE,Albums!$F1007<M$3,Albums!$E1007<M$3) -> FALSE | N1008: =IF('Summary Statistics'!$C$7=TRUE,Albums!$F1007<N$3,Albums!$E1007<N$3) -> FALSE | O1008: =IF('Summary Statistics'!$C$7=TRUE,Albums!$F1007<O$3,Albums!$E1007<O$3) -> FALSE | P1008: =IF('Summary Statistics'!$C$7=TRUE,Albums!$F1007<P$3,Albums!$E1007<P$3) -> FALSE | Q1008: =IF('Summary Statistics'!$C$7=TRUE,Albums!$F1007<Q$3,Albums!$E1007<Q$3) -> FALSE | R1008: =IF('Summary Statistics'!$C$7=TRUE,Albums!$F1007<R$3,Albums!$E1007<R$3) -> FALSE | S1008: =IF('Summary Statistics'!$C$7=TRUE,Albums!$F1007<S$3,Albums!$E1007<S$3) -> FALSE | T1008: =IF('Summary Statistics'!$C$7=TRUE,Albums!$F1007<T$3,Albums!$E1007<T$3) -> FALSE | ... V1008: =IF('Summary Statistics'!$C$7=TRUE,Albums!$F1007<V$3,Albums!$E1007<V$3) -> FALSE
M1009: =IF('Summary Statistics'!$C$7=TRUE,Albums!$F1008<M$3,Albums!$E1008<M$3) -> FALSE | N1009: =IF('Summary Statistics'!$C$7=TRUE,Albums!$F1008<N$3,Albums!$E1008<N$3) -> FALSE | O1009: =IF('Summary Statistics'!$C$7=TRUE,Albums!$F1008<O$3,Albums!$E1008<O$3) -> FALSE | P1009: =IF('Summary Statistics'!$C$7=TRUE,Albums!$F1008<P$3,Albums!$E1008<P$3) -> FALSE | Q1009: =IF('Summary Statistics'!$C$7=TRUE,Albums!$F1008<Q$3,Albums!$E1008<Q$3) -> FALSE | R1009: =IF('Summary Statistics'!$C$7=TRUE,Albums!$F1008<R$3,Albums!$E1008<R$3) -> FALSE | S1009: =IF('Summary Statistics'!$C$7=TRUE,Albums!$F1008<S$3,Albums!$E1008<S$3) -> FALSE | T1009: =IF('Summary Statistics'!$C$7=TRUE,Albums!$F1008<T$3,Albums!$E1008<T$3) -> FALSE | ... V1009: =IF('Summary Statistics'!$C$7=TRUE,Albums!$F1008<V$3,Albums!$E1008<V$3) -> FALSE
M1010: =IF('Summary Statistics'!$C$7=TRUE,Albums!$F1009<M$3,Albums!$E1009<M$3) -> FALSE | N1010: =IF('Summary Statistics'!$C$7=TRUE,Albums!$F1009<N$3,Albums!$E1009<N$3) -> FALSE | O1010: =IF('Summary Statistics'!$C$7=TRUE,Albums!$F1009<O$3,Albums!$E1009<O$3) -> FALSE | P1010: =IF('Summary Statistics'!$C$7=TRUE,Albums!$F1009<P$3,Albums!$E1009<P$3) -> FALSE | Q1010: =IF('Summary Statistics'!$C$7=TRUE,Albums!$F1009<Q$3,Albums!$E1009<Q$3) -> FALSE | R1010: =IF('Summary Statistics'!$C$7=TRUE,Albums!$F1009<R$3,Albums!$E1009<R$3) -> FALSE | S1010: =IF('Summary Statistics'!$C$7=TRUE,Albums!$F1009<S$3,Albums!$E1009<S$3) -> FALSE | T1010: =IF('Summary Statistics'!$C$7=TRUE,Albums!$F1009<T$3,Albums!$E1009<T$3) -> FALSE | ... V1010: =IF('Summary Statistics'!$C$7=TRUE,Albums!$F1009<V$3,Albums!$E1009<V$3) -> FALSE
M1011: =IF('Summary Statistics'!$C$7=TRUE,Albums!$F1010<M$3,Albums!$E1010<M$3) -> FALSE | N1011: =IF('Summary Statistics'!$C$7=TRUE,Albums!$F1010<N$3,Albums!$E1010<N$3) -> FALSE | O1011: =IF('Summary Statistics'!$C$7=TRUE,Albums!$F1010<O$3,Albums!$E1010<O$3) -> FALSE | P1011: =IF('Summary Statistics'!$C$7=TRUE,Albums!$F1010<P$3,Albums!$E1010<P$3) -> FALSE | Q1011: =IF('Summary Statistics'!$C$7=TRUE,Albums!$F1010<Q$3,Albums!$E1010<Q$3) -> FALSE | R1011: =IF('Summary Statistics'!$C$7=TRUE,Albums!$F1010<R$3,Albums!$E1010<R$3) -> FALSE | S1011: =IF('Summary Statistics'!$C$7=TRUE,Albums!$F1010<S$3,Albums!$E1010<S$3) -> FALSE | T1011: =IF('Summary Statistics'!$C$7=TRUE,Albums!$F1010<T$3,Albums!$E1010<T$3) -> FALSE | ... V1011: =IF('Summary Statistics'!$C$7=TRUE,Albums!$F1010<V$3,Albums!$E1010<V$3) -> FALSE
M1012: =IF('Summary Statistics'!$C$7=TRUE,Albums!$F1011<M$3,Albums!$E1011<M$3) -> FALSE | N1012: =IF('Summary Statistics'!$C$7=TRUE,Albums!$F1011<N$3,Albums!$E1011<N$3) -> FALSE | O1012: =IF('Summary Statistics'!$C$7=TRUE,Albums!$F1011<O$3,Albums!$E1011<O$3) -> FALSE | P1012: =IF('Summary Statistics'!$C$7=TRUE,Albums!$F1011<P$3,Albums!$E1011<P$3) -> FALSE | Q1012: =IF('Summary Statistics'!$C$7=TRUE,Albums!$F1011<Q$3,Albums!$E1011<Q$3) -> FALSE | R1012: =IF('Summary Statistics'!$C$7=TRUE,Albums!$F1011<R$3,Albums!$E1011<R$3) -> FALSE | S1012: =IF('Summary Statistics'!$C$7=TRUE,Albums!$F1011<S$3,Albums!$E1011<S$3) -> FALSE | T1012: =IF('Summary Statistics'!$C$7=TRUE,Albums!$F1011<T$3,Albums!$E1011<T$3) -> FALSE | ... V1012: =IF('Summary Statistics'!$C$7=TRUE,Albums!$F1011<V$3,Albums!$E1011<V$3) -> FALSE
... M1504: =IF('Summary Statistics'!$C$7=TRUE,Albums!$F1503<M$3,Albums!$E1503<M$3) -> FALSE | N1504: =IF('Summary Statistics'!$C$7=TRUE,Albums!$F1503<N$3,Albums!$E1503<N$3) -> FALSE | O1504: =IF('Summary Statistics'!$C$7=TRUE,Albums!$F1503<O$3,Albums!$E1503<O$3) -> FALSE | P1504: =IF('Summary Statistics'!$C$7=TRUE,Albums!$F1503<P$3,Albums!$E1503<P$3) -> FALSE | Q1504: =IF('Summary Statistics'!$C$7=TRUE,Albums!$F1503<Q$3,Albums!$E1503<Q$3) -> FALSE | R1504: =IF('Summary Statistics'!$C$7=TRUE,Albums!$F1503<R$3,Albums!$E1503<R$3) -> FALSE | S1504: =IF('Summary Statistics'!$C$7=TRUE,Albums!$F1503<S$3,Albums!$E1503<S$3) -> FALSE | T1504: =IF('Summary Statistics'!$C$7=TRUE,Albums!$F1503<T$3,Albums!$E1503<T$3) -> FALSE | ... V1504: =IF('Summary Statistics'!$C$7=TRUE,Albums!$F1503<V$3,Albums!$E1503<V$3) -> FALSE

Sheet Cleaned Data
B2: String Variables | G2: Numeric Variables | M2: Number of total songs | N2: Total Plays
B3: =Raw_Data_Input!B2 -> Title | C3: =Raw_Data_Input!F2 -> Artist | D3: =Raw_Data_Input!G2 -> Album | E3: =Raw_Data_Input!H2 -> Genre | G3: =Raw_Data_Input!D2 -> Favorite | H3: =Raw_Data_Input!I2 -> Plays | I3: Adjusted Song Length (minutes) | J3: Playtime | K3: Year | M3: =COUNTIF(M4:M5000,TRUE) -> 0 | N3: =SUMIF(M4:M5000,TRUE,H4:H5000) -> 0
B4: =Raw_Data_Input!B3 -> 0 | C4: =Raw_Data_Input!F3 -> 0 | D4: =Raw_Data_Input!G3 -> 0 | E4: =Raw_Data_Input!H3 -> 0 | G4: =Raw_Data_Input!D3 -> 0 | H4: =Raw_Data_Input!I3 -> 0 | I4: {=_xlfn.TEXTSPLIT(Raw_Data_Input!E3,":")*24} -> 0 | J4: =H4*I4 -> 0 | K4: =Raw_Data_Input!J3 -> 0 | M4: =IF(I4>0,TRUE," ")
B5: =Raw_Data_Input!B4 -> 0 | C5: =Raw_Data_Input!F4 -> 0 | D5: =Raw_Data_Input!G4 -> 0 | E5: =Raw_Data_Input!H4 -> 0 | G5: =Raw_Data_Input!D4 -> 0 | H5: =Raw_Data_Input!I4 -> 0 | I5: {=_xlfn.TEXTSPLIT(Raw_Data_Input!E4,":")*24} -> 0 | J5: =H5*I5 -> 0 | K5: =Raw_Data_Input!J4 -> 0 | M5: =IF(I5>0,TRUE," ")
B6: =Raw_Data_Input!B5 -> 0 | C6: =Raw_Data_Input!F5 -> 0 | D6: =Raw_Data_Input!G5 -> 0 | E6: =Raw_Data_Input!H5 -> 0 | G6: =Raw_Data_Input!D5 -> 0 | H6: =Raw_Data_Input!I5 -> 0 | I6: {=_xlfn.TEXTSPLIT(Raw_Data_Input!E5,":")*24} -> 0 | J6: =H6*I6 -> 0 | K6: =Raw_Data_Input!J5 -> 0 | M6: =IF(I6>0,TRUE," ")
B7: =Raw_Data_Input!B6 -> 0 | C7: =Raw_Data_Input!F6 -> 0 | D7: =Raw_Data_Input!G6 -> 0 | E7: =Raw_Data_Input!H6 -> 0 | G7: =Raw_Data_Input!D6 -> 0 | H7: =Raw_Data_Input!I6 -> 0 | I7: {=_xlfn.TEXTSPLIT(Raw_Data_Input!E6,":")*24} -> 0 | J7: =H7*I7 -> 0 | K7: =Raw_Data_Input!J6 -> 0 | M7: =IF(I7>0,TRUE," ")
B8: =Raw_Data_Input!B7 -> 0 | C8: =Raw_Data_Input!F7 -> 0 | D8: =Raw_Data_Input!G7 -> 0 | E8: =Raw_Data_Input!H7 -> 0 | G8: =Raw_Data_Input!D7 -> 0 | H8: =Raw_Data_Input!I7 -> 0 | I8: {=_xlfn.TEXTSPLIT(Raw_Data_Input!E7,":")*24} -> 0 | J8: =H8*I8 -> 0 | K8: =Raw_Data_Input!J7 -> 0 | M8: =IF(I8>0,TRUE," ")
B9: =Raw_Data_Input!B8 -> 0 | C9: =Raw_Data_Input!F8 -> 0 | D9: =Raw_Data_Input!G8 -> 0 | E9: =Raw_Data_Input!H8 -> 0 | G9: =Raw_Data_Input!D8 -> 0 | H9: =Raw_Data_Input!I8 -> 0 | I9: {=_xlfn.TEXTSPLIT(Raw_Data_Input!E8,":")*24} -> 0 | J9: =H9*I9 -> 0 | K9: =Raw_Data_Input!J8 -> 0 | M9: =IF(I9>0,TRUE," ")
B10: =Raw_Data_Input!B9 -> 0 | C10: =Raw_Data_Input!F9 -> 0 | D10: =Raw_Data_Input!G9 -> 0 | E10: =Raw_Data_Input!H9 -> 0 | G10: =Raw_Data_Input!D9 -> 0 | H10: =Raw_Data_Input!I9 -> 0 | I10: {=_xlfn.TEXTSPLIT(Raw_Data_Input!E9,":")*24} -> 0 | J10: =H10*I10 -> 0 | K10: =Raw_Data_Input!J9 -> 0 | M10: =IF(I10>0,TRUE," ")
B11: =Raw_Data_Input!B10 -> 0 | C11: =Raw_Data_Input!F10 -> 0 | D11: =Raw_Data_Input!G10 -> 0 | E11: =Raw_Data_Input!H10 -> 0 | G11: =Raw_Data_Input!D10 -> 0 | H11: =Raw_Data_Input!I10 -> 0 | I11: {=_xlfn.TEXTSPLIT(Raw_Data_Input!E10,":")*24} -> 0 | J11: =H11*I11 -> 0 | K11: =Raw_Data_Input!J10 -> 0 | M11: =IF(I11>0,TRUE," ")
B12: =Raw_Data_Input!B11 -> 0 | C12: =Raw_Data_Input!F11 -> 0 | D12: =Raw_Data_Input!G11 -> 0 | E12: =Raw_Data_Input!H11 -> 0 | G12: =Raw_Data_Input!D11 -> 0 | H12: =Raw_Data_Input!I11 -> 0 | I12: {=_xlfn.TEXTSPLIT(Raw_Data_Input!E11,":")*24} -> 0 | J12: =H12*I12 -> 0 | K12: =Raw_Data_Input!J11 -> 0 | M12: =IF(I12>0,TRUE," ")
B13: =Raw_Data_Input!B12 -> 0 | C13: =Raw_Data_Input!F12 -> 0 | D13: =Raw_Data_Input!G12 -> 0 | E13: =Raw_Data_Input!H12 -> 0 | G13: =Raw_Data_Input!D12 -> 0 | H13: =Raw_Data_Input!I12 -> 0 | I13: {=_xlfn.TEXTSPLIT(Raw_Data_Input!E12,":")*24} -> 0 | J13: =H13*I13 -> 0 | K13: =Raw_Data_Input!J12 -> 0 | M13: =IF(I13>0,TRUE," ")
B14: =Raw_Data_Input!B13 -> 0 | C14: =Raw_Data_Input!F13 -> 0 | D14: =Raw_Data_Input!G13 -> 0 | E14: =Raw_Data_Input!H13 -> 0 | G14: =Raw_Data_Input!D13 -> 0 | H14: =Raw_Data_Input!I13 -> 0 | I14: {=_xlfn.TEXTSPLIT(Raw_Data_Input!E13,":")*24} -> 0 | J14: =H14*I14 -> 0 | K14: =Raw_Data_Input!J13 -> 0 | M14: =IF(I14>0,TRUE," ")
B15: =Raw_Data_Input!B14 -> 0 | C15: =Raw_Data_Input!F14 -> 0 | D15: =Raw_Data_Input!G14 -> 0 | E15: =Raw_Data_Input!H14 -> 0 | G15: =Raw_Data_Input!D14 -> 0 | H15: =Raw_Data_Input!I14 -> 0 | I15: {=_xlfn.TEXTSPLIT(Raw_Data_Input!E14,":")*24} -> 0 | J15: =H15*I15 -> 0 | K15: =Raw_Data_Input!J14 -> 0 | M15: =IF(I15>0,TRUE," ")
... B1349: =Raw_Data_Input!B1348 -> 0 | C1349: =Raw_Data_Input!F1348 -> 0 | D1349: =Raw_Data_Input!G1348 -> 0 | E1349: =Raw_Data_Input!H1348 -> 0 | G1349: =Raw_Data_Input!D1348 -> 0 | H1349: =Raw_Data_Input!I1348 -> 0 | I1349: {=_xlfn.TEXTSPLIT(Raw_Data_Input!E1348,":")*24} -> 0 | J1349: =H1349*I1349 -> 0 | K1349: =Raw_Data_Input!J1348 -> 0 | M1349: =IF(I1349>0,TRUE," ")
B1350: =Raw_Data_Input!B1349 -> 0 | C1350: =Raw_Data_Input!F1349 -> 0 | D1350: =Raw_Data_Input!G1349 -> 0 | E1350: =Raw_Data_Input!H1349 -> 0 | G1350: =Raw_Data_Input!D1349 -> 0 | H1350: =Raw_Data_Input!I1349 -> 0 | I1350: {=_xlfn.TEXTSPLIT(Raw_Data_Input!E1349,":")*24} -> 0 | J1350: =H1350*I1350 -> 0 | K1350: =Raw_Data_Input!J1349 -> 0
B1351: =Raw_Data_Input!B1350 -> 0 | C1351: =Raw_Data_Input!F1350 -> 0 | D1351: =Raw_Data_Input!G1350 -> 0 | E1351: =Raw_Data_Input!H1350 -> 0 | G1351: =Raw_Data_Input!D1350 -> 0 | H1351: =Raw_Data_Input!I1350 -> 0 | I1351: {=_xlfn.TEXTSPLIT(Raw_Data_Input!E1350,":")*24} -> 0 | J1351: =H1351*I1351 -> 0 | K1351: =Raw_Data_Input!J1350 -> 0
B1352: =Raw_Data_Input!B1351 -> 0 | C1352: =Raw_Data_Input!F1351 -> 0 | D1352: =Raw_Data_Input!G1351 -> 0 | E1352: =Raw_Data_Input!H1351 -> 0 | G1352: =Raw_Data_Input!D1351 -> 0 | H1352: =Raw_Data_Input!I1351 -> 0 | I1352: {=_xlfn.TEXTSPLIT(Raw_Data_Input!E1351,":")*24} -> 0 | J1352: =H1352*I1352 -> 0 | K1352: =Raw_Data_Input!J1351 -> 0
B1353: =Raw_Data_Input!B1352 -> 0 | C1353: =Raw_Data_Input!F1352 -> 0 | D1353: =Raw_Data_Input!G1352 -> 0 | E1353: =Raw_Data_Input!H1352 -> 0 | G1353: =Raw_Data_Input!D1352 -> 0 | H1353: =Raw_Data_Input!I1352 -> 0 | I1353: {=_xlfn.TEXTSPLIT(Raw_Data_Input!E1352,":")*24} -> 0 | J1353: =H1353*I1353 -> 0 | K1353: =Raw_Data_Input!J1352 -> 0
B1354: =Raw_Data_Input!B1353 -> 0 | C1354: =Raw_Data_Input!F1353 -> 0 | D1354: =Raw_Data_Input!G1353 -> 0 | E1354: =Raw_Data_Input!H1353 -> 0 | G1354: =Raw_Data_Input!D1353 -> 0 | H1354: =Raw_Data_Input!I1353 -> 0 | I1354: {=_xlfn.TEXTSPLIT(Raw_Data_Input!E1353,":")*24} -> 0 | J1354: =H1354*I1354 -> 0 | K1354: =Raw_Data_Input!J1353 -> 0
B1355: =Raw_Data_Input!B1354 -> 0 | C1355: =Raw_Data_Input!F1354 -> 0 | D1355: =Raw_Data_Input!G1354 -> 0 | E1355: =Raw_Data_Input!H1354 -> 0 | G1355: =Raw_Data_Input!D1354 -> 0 | H1355: =Raw_Data_Input!I1354 -> 0 | I1355: {=_xlfn.TEXTSPLIT(Raw_Data_Input!E1354,":")*24} -> 0 | J1355: =H1355*I1355 -> 0 | K1355: =Raw_Data_Input!J1354 -> 0
B1356: =Raw_Data_Input!B1355 -> 0 | C1356: =Raw_Data_Input!F1355 -> 0 | D1356: =Raw_Data_Input!G1355 -> 0 | E1356: =Raw_Data_Input!H1355 -> 0 | G1356: =Raw_Data_Input!D1355 -> 0 | H1356: =Raw_Data_Input!I1355 -> 0 | I1356: {=_xlfn.TEXTSPLIT(Raw_Data_Input!E1355,":")*24} -> 0 | J1356: =H1356*I1356 -> 0 | K1356: =Raw_Data_Input!J1355 -> 0
B1357: =Raw_Data_Input!B1356 -> 0 | C1357: =Raw_Data_Input!F1356 -> 0 | D1357: =Raw_Data_Input!G1356 -> 0 | E1357: =Raw_Data_Input!H1356 -> 0 | G1357: =Raw_Data_Input!D1356 -> 0 | H1357: =Raw_Data_Input!I1356 -> 0 | I1357: {=_xlfn.TEXTSPLIT(Raw_Data_Input!E1356,":")*24} -> 0 | J1357: =H1357*I1357 -> 0 | K1357: =Raw_Data_Input!J1356 -> 0
B1358: =Raw_Data_Input!B1357 -> 0 | C1358: =Raw_Data_Input!F1357 -> 0 | D1358: =Raw_Data_Input!G1357 -> 0 | E1358: =Raw_Data_Input!H1357 -> 0 | G1358: =Raw_Data_Input!D1357 -> 0 | H1358: =Raw_Data_Input!I1357 -> 0 | I1358: {=_xlfn.TEXTSPLIT(Raw_Data_Input!E1357,":")*24} -> 0 | J1358: =H1358*I1358 -> 0 | K1358: =Raw_Data_Input!J1357 -> 0
B1359: =Raw_Data_Input!B1358 -> 0 | C1359: =Raw_Data_Input!F1358 -> 0 | D1359: =Raw_Data_Input!G1358 -> 0 | E1359: =Raw_Data_Input!H1358 -> 0 | G1359: =Raw_Data_Input!D1358 -> 0 | H1359: =Raw_Data_Input!I1358 -> 0 | I1359: {=_xlfn.TEXTSPLIT(Raw_Data_Input!E1358,":")*24} -> 0 | J1359: =H1359*I1359 -> 0 | K1359: =Raw_Data_Input!J1358 -> 0
B1360: =Raw_Data_Input!B1359 -> 0 | C1360: =Raw_Data_Input!F1359 -> 0 | D1360: =Raw_Data_Input!G1359 -> 0 | E1360: =Raw_Data_Input!H1359 -> 0 | G1360: =Raw_Data_Input!D1359 -> 0 | H1360: =Raw_Data_Input!I1359 -> 0 | I1360: {=_xlfn.TEXTSPLIT(Raw_Data_Input!E1359,":")*24} -> 0 | J1360: =H1360*I1360 -> 0 | K1360: =Raw_Data_Input!J1359 -> 0
B1361: =Raw_Data_Input!B1360 -> 0 | C1361: =Raw_Data_Input!F1360 -> 0 | D1361: =Raw_Data_Input!G1360 -> 0 | E1361: =Raw_Data_Input!H1360 -> 0 | G1361: =Raw_Data_Input!D1360 -> 0 | H1361: =Raw_Data_Input!I1360 -> 0 | I1361: {=_xlfn.TEXTSPLIT(Raw_Data_Input!E1360,":")*24} -> 0 | J1361: =H1361*I1361 -> 0 | K1361: =Raw_Data_Input!J1360 -> 0
... B5004: =Raw_Data_Input!B5003 -> 0 | C5004: =Raw_Data_Input!F5003 -> 0 | D5004: =Raw_Data_Input!G5003 -> 0 | E5004: =Raw_Data_Input!H5003 -> 0 | G5004: =Raw_Data_Input!D5003 -> 0 | H5004: =Raw_Data_Input!I5003 -> 0 | I5004: {=_xlfn.TEXTSPLIT(Raw_Data_Input!E5003,":")*24} -> #VALUE! | J5004: =H5004*I5004 -> #VALUE! | K5004: =Raw_Data_Input!J5003 -> 0
